18;Corporación Universitaria Minuto de Dios UNIMINUTO;Bogotá;Leonidas López Herrán ;ND;5715933004;lelopez@uniminuto.edu;Calle 81b 72 B-70;0;0;0;24;Bello-Risaralda-Caldas-El Bagre-Urabá-Barranquilla-Bogotá-Girardot-Soacha-Madrid-Zipaquirá-Neiva-Garzón-Pitalito-Villavicencio-Mitú-Cúcuta-Bucaramanga-Floridablanca-Girón-Piedecuesta-Ibagué-Cali-Buga ;85;9;30;68613;67018;1595;900;15650;0;0;2780;1786;USD;1347;424;91052332;ND;www.uniminuto.edu/;3;18;205;2753
18;Universidad Cooperativa de Colombia;Bogotá;Maritza Rondón Rangel;ND;5713323565;maritza.rondon@ucc.edu.co;Av. Caracas No. 37-63;0;0;0;18;Apartadó-Cartago-Pasto-Arauca-Espinal-Pereira-Barrancabermeja-Ibagué-Popayán-Medellín-Quibdó-Bucaramanga-Montería-Santa Marta-Cali-Neiva-Villavicencio ;231;5;2;49970;49014;956;379;7152;0;0;4743;2261;USD;1591;523;87662226;ND;www.ucc.edu.co/bogota/;3;50;452;4967
18;Universidad Libre;Bogotá;Nicolás Enrique Zuleta;ND;5713821000;nzuleta_rectoria@unilibre.edu.co;Calle 8a 5 - 80 5 - 80;0;0;0;8;Barranquilla-Bogotá-Cali-Cartagena-Cúcuta-Pereira-Socorro-Cali;225;1;0;32181;27664;4517;1925;2635;0;0;2394;855;USD;2842;1410;98526897;ND;www.unilibre.edu.co/;3;41;404;4485
18;Pontificia Universidad Javeriana;Bogotá;Jorge Humberto Peláez;Adolfo Nicolás;5713208320;info@javeriana.edu.co ;Carrera 7 No. 40 - 62 ;0;1;0;2;Bogotá-Cali;221;1;1;29062;24023;5039;1451;2631;0;0;3981;2136;USD;3957;2658;162464393;ND;www.javeriana.edu.co/;2;4;51;1009
18;Universidad Santo Tomás;Bogotá;Carlos Mario Alzate;ND;5715878797;ND;Carrera 9 No. 51 - 11;0;0;0;4;Bucaramanga-Medellín-Tunja-Villavicencio;0;0;0;28239;24907;3332;993;2395;0;0;1846;942;USD;2717;792;79032353;ND;www.usta.edu.co/;3;34;350;4117
18;Corporación Unificada Nacional de Educación Superior CUN;Bogotá;Jaime Alberto Rincón;Jaime Alberto Rincón;5713078180;ND;Calle 12B No. 4-79;0;0;0;23;Itagüí-Bogotá-Florencia-Yopal-Montería-Fusagasugá-Chía-Mesitas-Cartagena-Barranquilla-Neiva-Santa Marta-Villavicencio-Ipiales-Cúcuta-Atalaya-Armenia-Calarca-Calarca-Pereira-Sincelejo-Ibagué-Buenaventura;108;0;14;24961;24961;0;0;4683;0;0;1059;648;USD;0;404;14128457;ND;www.cun.edu.co/;4;119;1098;12422
18;Fundación Universitaria San Martín;Bogotá;ND;ND;ND;ND;ND;0;0;0;4;Cali-Medellín-Bogotá-Villavicencio;18;0;2;24718;24547;171;0;2435;0;0;2203;734;USD;1850;1324;65644775;ND;ND;3;218;2351;19488
18;Universidad Santader UDES;Santander;Jaime de Jesús Restrepo;ND;5776516500;jrestrepo@udes.edu.co;Calle 79 No. 55 – 210;0;0;0;1;Bucaramanga;87;9;1;24644;9189;15455;3114;1044;0;0;1379;440;USD;2017;783;71710048;ND;www.udes.edu.co/ ;3;33;345;4080
18;Universidad Pontificia Bolivariana;Antioquia;Julio Jairo Ceballos;Ricardo Antonio Tobón;5744488388;ND;Circular 1° 70 - 01;0;1;0;5;Medellín-Montería-Bucaramanga-Palmira-Bogotá;0;0;0;21930;19252;2678;830;1570;0;0;2391;266;USD;3037;1328;88107226;ND;www.upb.edu.co/;3;8;100;1711
18;Politécnico Grancolombiano;Bogotá;Jurgen Chiari Escobar;Fernando Davila;5717455555;jchiarie@poligran.edu.co ;Calle 57 # 3-00 Este.;0;0;0;2;Bogotá-Medellín;68;28;8;21805;21327;478;402;5838;0;0;522;524;USD;1864;1219;65608954;ND;www.poligran.edu.co/;3;190;2027;18192
18;Corporación Universitaria Remington;Antioquia;Pedro Juan González;ND;5743221000;ND;Calle 51 N° 51 - 27;0;0;0;1;Medellín;31;1;17;21225;19805;1420;856;2750;0;0;235;226;USD;1772;715;46387537;ND;www.uniremington.edu.co/;4;98;868;9833
18;Universidad de los Andes;Bogotá;Pablo Navas Sanz;Diego Pizano Salazar;5713394949;ND; Cra 1 Nº 18A- 12 ;0;1;0;1;Bogotá;150;0;0;16908;13067;3841;1175;1211;0;0;1337;1499;USD;4502;5063;164546182;ND;https://www.uniandes.edu.co/;2;2;17;517
18;Universidad de San Buenaventura;Bogotá;José Arturo Rojas;ND;5716671090;rector@usbbog.edu.co;Cra 8 H # 172-20;0;0;0;4;Medellín-Bogotá-Cartagena-Cali;164;6;1;16604;15401;1203;315;2187;0;0;1569;851;USD;3303;895;45939113;ND;www.usbbog.edu.co/;4;62;562;6259
18;Universidad de la Salle;Bogotá;Carlos Gabriel Gómez;ND;5713488000;carlosgomez@lasalle.edu.co;Cra. 5 No. 59A-44;0;1;0;1;Bogotá;54;0;0;15464;14576;888;277;1353;0;0;1084;768;USD;2877;1635;52310452;ND;www.lasalle.edu.co/;3;27;281;3373
18;Fundación Universitaria del Área Andina;Bogotá;Fernando Laverde;Carlos Patricio Eastman;5717424218;flaverde@areandina.edu.co;Calle 71 No.13-21;0;0;0;4;Bogotá-Pereira-Valledupar-Medellín;74;17;8;14954;12054;2900;912;1866;0;0;918;415;USD;2212;1159;45574171;ND;www.areandina.edu.co/;4;79;717;8082
18;Universidad Santiago de Cali;Valle del Cauca;Carlos Andrés Pérez; Juan Portocarrero Cuero;5725183000;ND;Calle 5 # 62-00;0;0;0;2;Cali-Palmira;0;0;0;14940;14127;813;356;1777;0;0;1217;521;USD;1972;646;32051021;ND;www.usc.edu.co/;4;55;498;5427
18;Universidad la Gran Colombia;Bogotá;Rosalba Osorio Cardona;ND;5713276999;mercadeo@ugca.edu.co;Cra. 6 No. 12 B 40;0;0;0;2;Bogotá-Armenia;64;0;0;14761;14570;191;4;1662;0;0;1003;546;USD;1786;672;28502814;ND;www.ulagrancolombia.edu.co/;4;117;1068;12118
18;Universidad Antonio Nariño;Bogotá;Martha Alice Losada;ND;5713152980;rector@uan.edu.co;Calle 58 A BIS No. 37 - 94 ;0;0;0;28;Armenia-Circasia-Manizales-Pereira-Quimbaya-Bucaramanga-Cúcuta-Duitama-Ibagué-Medellín-Neiva-Tunja-Cartagena-Puerto Colombia-Riohacha-Santa Marta-Valledupar-Buenaventura-Buga-Cali-Cartago-Palmira-Pasto-Popayán-Quibdó-Roldanillo-San Francisco-Bogotá;185;15;15;14380;14121;259;105;2144;0;0;1797;663;USD;2671;965;39358842;ND;www.uan.edu.co/;4;23;248;3143
18;Fundación Universitaria Luis Amigo FUNLAM;Antioquia;José Wílmar Sánchez;ND;5744487666;jwsanchez@funlam.edu.co;Transversal 51A #67B 90;0;0;0;6;Medellín-Bogotá-Cali-Manizales-Montería-Apartadó;57;0;18;13212;12718;494;214;1573;0;0;736;260;USD;2305;592;23961467;ND;www.funlam.edu.co/;4;54;496;5420
18;fundación Universitaria Los Libertadores;Bogotá;Sonia Arciniegas Betancourt;Juan Manuel Linares;5712544750;rectoria@libertadores.edu.co; Cra. 16 # 63A - 68;0;0;0;2;Bogotá-Cartagena;27;2;8;13183;12041;1142;679;1501;0;0;939;276;USD;873;601;24614203;ND;www.ulibertadores.edu.co/;4;85;748;8397
18;Escuela Colombiana de Carreras Industriales;Bogotá;Fernando Soler López;ND;5713537171;rectoria@ecci.edu.co;Carrera 19 No. 49-20;0;0;0;2;Bogotá-Medellín;0;0;0;13001;12579;422;0;2248;0;0;621;327;USD;1573;856;24802726;ND;www.ecci.edu.co/;4;97;857;9692
18;Universidad de Medellín;Antioquia;Néstor Hincapié Vargas;Aura Marlenny Arcila;5743405555;ND;Carrera 87 N° 30 - 65;0;0;0;2;Bogotá-Medellín;143;5;0;12500;11136;1364;477;774;0;0;648;194;USD;3293;847;38856198;ND;www.udem.edu.co/;4;30;311;3686
18;Universidad Externado de Colombia;Bogotá;Juan Carlos Henao;ND;5713537000;juan.henao@uexternado.edu.co;Calle 12 No. 1-17 Este;0;1;0;1;Bogotá;235;1;0;12493;5649;6844;2048;1005;0;0;1709;602;USD;4996;2357;95842794;ND;www.uexternado.edu.co/;3;28;292;3520
18;Universidad del Norte;Atlántico;Jesús Ferro Bayona;ND;5753509509;rectoria@uninorte.edu.co;Km.5 Vía Puerto Colombia;0;1;0;1;Barranquilla;196;1;0;12238;9793;2445;1416;852;0;0;886;873;USD;4316;2353;67823473;ND;www.uninorte.edu.co/;3;9;120;1904
18;Universidad EAFIT;Antioquia;Juan Luis Mejía ;ND;5744489500;ND;Carrera 49 N° 7 Sur;0;1;0;4;Medellín-Bogotá-Pereira-Llanogrande;124;4;0;11861;9146;2715;343;92;0;0;918;1031;USD;3620;2659;66101157;ND;www.eafit.edu.co/;3;7;97;1684
18;Corporación Universitaria del Caribe CECAR;Sucre;Piedad Martinez Carazo;Jorge Nassim Ganem ;5752804012;piedad.martinez@cecar.edu.co ;Carretera troncal de occidente - Via Corozal - Sincelejo (Sucre);0;0;0;2;Sincelejo-Montería;27;10;5;11413;10732;681;78;1195;0;0;304;0;USD;1783;706;17592528;ND;www.cecar.edu.co/;4;81;730;8182
18;Universidad Católica de Colombia;Bogotá;Francisco José Gómez;Édgar Gómez Betancourt;5713277300;rectoria@ucatolica.edu.co;Avenida Caracas N° 46 - 72;0;0;0;2;Bogotá-Chía;42;1;0;11315;9986;1329;399;1392;0;0;727;468;USD;1941;1410;32309063;ND;www.ucatolica.edu.co/ ;4;56;504;5464
18;Universidad del Rosario;Bogotá;José Manuel Restrepo;ND;5714225321;jose.restrepo@urosario.edu.co; Calle 12C No. 6-25;0;1;0;1;Bogotá;161;0;0;11309;8165;3144;675;696;0;0;1235;844;USD;3881;3114;74985426;ND;www.urosario.edu.co/;3;6;84;1488
18;Fundación Universidad de Bogotá Jorge Tadeo Lozano;Bogotá;Cecilia María Vélez;Jaime Pinzón López;5712427030;ND;Carrera 4 # 22-61;0;1;0;4;Bogotá-Chía-Cartagena-Santa Marta;102;0;0;11053;11053;0;0;868;0;0;983;0;USD;0;1440;42464060;ND;http://www.utadeo.edu.co/;4;19;211;2785
18;Universidad Central;Bogotá;Rafael Santos Calderón;Jaime Posada Díaz;5713239868;rectoria@ucentral.edu.co;Carrera 5 n.º 21-38;0;0;0;1;Bogotá;33;1;0;10898;10514;384;160;1245;0;0;915;568;USD;2209;1492;33050574;ND;http://www.ucentral.edu.co/;4;65;573;6442
18;Universidad Autónoma del Caribe;Atlántico;Ramsés Vargas Lamadrid;ND;5753671000;rectoria@uac.edu.co;Calle 90 # 46-112;0;0;0;2;Barranquilla-Ocaña;61;6;0;10305;9764;541;187;917;0;0;531;830;USD;2452;915;28761215;ND;www.uac.edu.co/;4;45;435;4819
18;Universidad de la Sabana;Cundinamarca;Obdulio Velásquez Posada;ND;5718615555;obdulio.velasquez@unisabana.edu.co;Autopista Norte Km. 7 Chía;0;1;0;1;Chía;109;4;0;10039;7230;2809;1078;950;0;0;1572;906;USD;5149;3378;80920770;ND;www.unisabana.edu.co/;3;14;165;2262
18;Fundación Universitaria Tecnológico Confenalco - Cartagena;Bolívar;ND;ND;5756723700;mruiz@tecnologicocomfenalco.edu.co;Cr 44 D Nº 30A - 91;0;0;0;1;Cartagena;35;0;0;10008;10008;0;0;1577;0;0;626;271;USD;0;424;7714081;ND;www.tecnologicocomfenalco.edu.co/;5;163;1592;15966
18;Universidad Autónoma de Bucaramanga UNAB ;Santander;Alberto Montoya Puyana;ND;5776436111;rectoria@unab.edu.co;Avenida 42 No. 48 – 11;0;0;0;1;Bucaramanga;79;31;0;9941;8554;1387;417;1148;0;0;824;381;USD;2885;846;29746618;ND;www.unab.edu.co/;4;21;223;2910
18;Universidad el Bosque;Bogotá;Rafael Sánchez París;José Luis Roa;5716489000;ND;Av. Cra 9 No. 131 A - 02 ;0;0;0;1;Bogotá;112;0;0;9614;7967;1647;454;1044;0;0;1266;467;USD;3146;1954;43090788;ND;www.uelbosque.edu.co/;4;38;395;4429
18;Universidad Autónoma de Occidente;Valle del Cauca;Luis H. Pérez Páez;ND;5723188000;rector@uao.edu.co;"Cll 25 # 115-85Km 2 vía Cali-Jamund";0;0;0;1;Cali;60;3;0;9588;9168;420;89;1358;0;0;700;495;USD;2934;1156;35243275;ND;www.uao.edu.co/;4;31;319;3791
18;Universidad Manuela Beltran UMB;Bogotá;Guido Echeverri Piedrahita;ND;5715460600;guido.echeverri@umb.edu.co;Avenida Circunvalar Nº 60-00;0;0;0;3;Bogotá-Cajicá-Bucaramanga;51;20;2;9581;9315;266;252;2388;0;0;106;88;USD;1850;1168;30200797;ND;www.umb.edu.co/;4;71;649;7269
18;Unipanamericana - Fundación Universitaria Panamericana;Bogotá;Camilo Gaitán García;ND;5713380666;unipanamericana@unipanamericana.edu.co;Avenida (Calle) 32 No. 17 - 62 ;0;0;0;1;Bogotá;104;24;1;9066;9066;0;0;2651;0;0;458;200;USD;0;875;15758390;ND;unipanamericana.edu.co/;4;105;918;10398
18;Coporación Universidad de la Costa CUC;Atlántico;Tito José Crissien;ND;5753362203;rectoria@cuc.edu.co; Carrera 55 # 58-66;0;0;0;1;Barranquilla;57;2;0;8982;8982;0;0;1286;0;0;370;302;USD;0;40;1198793;ND;www.cuc.edu.co/;5;44;431;4777
18;Universidad Sergio Arboleda;Bogotá;Rodrigo Francisco Noguera;ND;5713255000;ND;Calle 74 No. 14 - 14 ;0;1;0;3;Bogotá-Barranquilla-Santa Marta;0;0;0;8193;7821;372;315;866;0;0;967;1630;USD;3792;1412;34846690;ND;http://www.usergioarboleda.edu.co/;4;43;426;4715
18;Corporación Universidad Piloto de Colombia;Bogotá;Julio Jairo Ceballos;ND;5713322900;rectoria@unipiloto.edu.co;Carrera 9 No. 45A - 44;0;0;0;2;Bogotá-Girardot;39;1;0;7745;7745;0;0;711;0;0;589;259;USD;0;1533;23746022;ND;www.unipiloto.edu.co/;4;90;784;8779
18;Fundación Universidad Autónoma de Colombia FUAC;Bogotá;Clemencia Bonilla;Simón Younes Jérez;5713414628;rectoria@fuac.edu.co ;Calle 12B No. 4 - 31;0;0;0;1;Bogotá;38;0;0;7124;7100;24;24;1053;0;0;472;279;USD;2255;1191;17026942;ND;www.fuac.edu.co/;4;87;752;8488
18;Universidad del Sinú ;Córdoba;Mara Bechara de Zuleta;ND;5747811688;marabechara@unisinu.edu.co ;Cra. 1w No. 38-153;0;0;0;2;Cartagena-Montería;71;0;0;7055;6959;96;33;831;0;0;552;238;USD;3888;724;17433565;ND;www.unisinu.edu.co/;4;148;1430;14883
18;Universidad de Ibagué;Tolima;Alfonso Reyes Alvarado;ND;5782709444;alfonso.reyes@unibague.edu.co;Carrera 22 Calle 67 ;0;0;0;1;Ibagué;54;0;0;6780;6626;154;60;807;0;0;139;439;USD;2255;550;12423663;ND;www.unibague.edu.co/;4;75;703;7951
18;Universidad EAN;Bogotá;Rubén Darío Gómez;ND;5713462413;comunicaciones@correo.ean.edu.co;Cra. 11 No. 78 - 47;0;0;0;1;Bogotá;70;23;0;6644;4552;2092;988;874;0;0;0;225;USD;3297;1622;28229782;ND;www.ean.edu.co/;4;35;355;4147
18;Politécnico Internacional;Bogotá;Juan Carlos de Maria Sampedro;ND;5714005700;sramirez@politecnicointernacional.edu.co;Calle 73 # 10-45;0;0;0;1;Bogotá;17;0;0;6155;6155;0;0;1922;0;0;322;220;USD;0;140;1720510;ND;www.politecnicointernacional.edu.co/;5;195;2057;18324
18;Universidad ICESI;Valle del Cauca;Francisco Piedrahita Plata;ND;5725552334;rectoria@icesi.edu.co; Calle 18 No. 122-135;0;0;0;1;Cali;71;0;1;5950;5071;879;295;586;0;0;540;96;USD;3442;2547;31455878;ND;www.icesi.edu.co/;4;15;167;2298
18;Universidad Mariana;Nariño;Amanda Lucero Vallejo;ND;5727314923;rectoria@umariana.edu.co; Calle 18 No. 34-104;0;0;0;1;Pasto;0;0;0;5849;5628;221;134;2578;0;0;508;200;USD;1475;480;9060418;ND;www.umariana.edu.co/;5;84;744;8356
18;Universitaria Agustiniana - Uniagustiniana;Bogotá;Carlos Alberto Villabona;ND;5714193200;ND;"Avenida Ciudad de Cali No. 11b-95";0;0;0;1;Bogotá;0;0;0;5594;5304;290;36;854;0;0;286;122;USD;1500;957;12378674;ND;www.uniagustiniana.edu.co/;4;156;1513;15322
18;Corporación Universitaria de Investigación y Desarrollo UDI;Santander;Jairo Castro Castro;ND;5776352525;rector@udi.edu.co;Calle 9 No. 23-55;0;0;0;1;Bucaramanga;50;2;4;5352;5114;238;89;1129;0;0;219;110;USD;1584;416;7135781;ND;www.udi.edu.co/;5;77;714;8073
18;Universidad de Boyacá;Boyacá;Rosita Cuervo Payeras;Osmar Correal Cabral;5787450000;racuervo@uniboyaca.edu.co;Carrera 2ª Este No. 64 - 169;0;0;0;5;Tunja-Sogamoso-Chiquinquirá-Yopal-Bogotá;42;0;0;5313;5014;299;203;881;0;0;583;141;USD;1715;1465;15715881;ND;www.uniboyaca.edu.co/;4;82;741;8324
18;Universidad Autónoma Latinoamericana ;Antioquia;José Rodrigo Flórez;Omar del Valle Tamayo;5745112199;ND;Carrera 55A N° 49-51;0;0;0;1;Medellín;25;0;1;5252;4203;1049;378;512;0;0;0;177;USD;1850;1028;12138973;ND;www.unaula.edu.co/;4;101;902;10262
18;Universidad de Manizales;Caldas;Guillermo Orlando Sierra;ND;5768879680;rectoria@umanizales.edu.co;Carrera 9 # 19 - 03;0;0;0;1;Manizales;45;9;3;5217;3784;1433;430;282;0;0;408;212;USD;2363;706;14309801;ND;www.umanizales.edu.co/;4;16;185;2510
18;Corporación Universitaria del Huila CORHUILA;Huila;Roque González Garzón;ND;5788754220;rectoria@corhuila.edu.co;Calle 21 No. 6 - 01;0;0;0;1;Neiva;11;0;0;5091;5091;0;0;569;0;0;337;0;USD;0;864;8795786;ND;www.corhuila.edu.co/;5;164;1609;16047
18;Institución Universitaria Centro de Estudios Superiores Maria Goretti;Nariño;Hugo Ariel Osorio;ND;5727216535;rectoria@iucesmag.edu.co;Carrera 20 A N° 14 - 54;0;0;0;1;Pasto;14;0;0;4964;4964;0;0;742;0;0;323;142;USD;0;0;0;ND;www.iucesmag.edu.co/;0;128;1207;13310
18;Fundación Universitaria Juan de Castellanos;Boyacá;Luis Enrique Pérez;Luis Augusto Castro;5787400543;ND;Carrera 11 # 11 - 44;0;0;0;1;Tunja;10;0;6;4887;1881;3006;571;296;0;0;211;108;USD;1537;700;12933665;ND;www.jdc.edu.co;4;165;1622;16122
18;Corporación Universitaria de Ciencia y Desarrollo UNICIENCIA;Bogotá;Reynaldo Ríos Pérez;ND;5713172267;admisiones@uniciencia.edu.co;Calle 74 No. 15-73;0;0;0;1;Bogotá;22;0;0;4865;4865;0;0;839;0;0;335;72;USD;0;870;8462765;ND;www.uniciencia.edu.co/;5;240;2706;20749
18;Corporación Universitaria Rafael Núñez;Bolívar;Miguel Ángel Henríquez ;ND;5756607777;viviana.henriquez@curn .edu.co;Calle de la Soledad N° 5 -70;0;0;0;1;Cartagena;22;0;0;4820;4820;0;0;583;0;0;354;185;USD;0;477;6229740;ND;www.curn.edu.co/;5;139;1321;14191
18;Universidad Tecnológica de Bolívar ;Bolívar;Jaime Eduardo Bernal;ND;5756535200;rectorutb@unitecnologica.edu.co;Km 1 Vía Turbaco;0;0;0;1;Cartagena;0;0;0;4687;4687;0;0;260;0;0;350;188;USD;0;665;8615623;ND;http://www.unitecnologica.edu.co/;5;83;743;8346
18;Fundación Tecnológica Antonio de Arevalo ;Bolívar;Dionisio Vélez;ND;5756600671;dionisio@tecnar.edu.co;Calle del Cuartel # 36-48;0;0;0;1;Cartagena;67;0;26;4644;4644;0;0;772;0;0;192;117;USD;0;194;1799171;ND;www.tecnar.edu.co/;5;154;1474;15115
18;Escuela Colombiana de Ingeniería Julio Garavito ;Bogotá;Roberto Rios Martínez;Eduardo Silva Sánchez;5716683600;roberto.rios@escuelaing.edu.co;AK.45 No.205-59 (Autopista Norte);0;1;0;1;Bogotá;25;0;0;4602;3976;626;138;464;0;0;389;286;USD;0;0;0;ND;http://www.escuelaing.edu.co/;0;48;445;4916
18;Fundación Centro Colombiano de estudios Profesionales FCECEP;Valle del Cauca;Mario Hernán Colorado;ND;5723828282;rectoria@cecep.edu.co;Calle 9 B # 29 A - 67;0;0;0;1;Cali;14;0;0;4558;4558;0;0;870;0;0;164;110;USD;0;200;1823244;ND;www.cecep.edu.co/;5;181;1853;17366
18;Universidad Autónoma de Manizales;Caldas;Gabriel Cadena Gómez;ND;5768727272;rector@autonoma.edu.co;Antigua Estación del Ferrocarril;0;0;0;1;Manizales;49;1;7;4361;3753;608;73;623;0;0;415;191;USD;6511;1172;18125630;ND;www.autonoma.edu.co/;4;46;442;4873
18;Fundación Universitaria de San Gil UNISANGIL;Santander;Luis Gustavo Álvarez ;ND;5777245757;rectoria@unisangil.edu.co;Km 2 vía San Gil;0;0;0;1;San Gil;28;5;1;4348;4328;20;2;528;0;0;467;181;USD;2597;475;6375623;ND;www.unisangil.edu.co/;5;121;1127;12692
18;Corporación Universitaria Republicana;Bogotá;Gustavo Tellez;ND;5712862384;secretariaacademica@urepublicana.edu.co;Cra 7 No. 19 38;0;0;0;1;Bogotá;16;0;0;4301;4060;241;66;611;0;0;168;143;USD;1517;1021;9025480;ND;urepublicana.edu.co/;5;151;1455;15019
18;Fundación Universidad de América;Bogotá;Jaime Posada Díaz;ND;5713376680;rectoria@uamerica.edu.co;Avda Circunvalar No. 20-53;0;0;0;1;Bogotá;14;0;0;4271;4070;201;77;414;0;0;322;175;USD;2848;1317;11865276;ND;www.uamerica.edu.co/;4;99;881;9966
18;Universidad de Ciencias Aplicadas y Ambientales UDCA;Bogotá;Germán Anzola Montero;Jaime Cadena Santos;5716684700;ganzola@udca.edu.co ;Calle 222 No. 55 - 37;0;0;0;1;Bogotá;35;0;3;4194;4153;41;2;651;0;0;960;0;USD;1267;913;10834778;ND;http://www.udca.edu.co/;4;80;726;8141
18;Universidad Metropolitana;Atlántico;Carlos Jaller Raad;ND;5753686573;rectoria@unimetro.edu.co ;Calle 76 No 42-78 ;0;0;0;1;Barranquilla;0;0;0;4109;4109;0;0;316;0;0;0;0;USD;0;1667;13701647;ND;http://www.unimetro.edu.co/;4;135;1303;14078
18;Institución Universitaria Salazar y Herrera;Antioquia;Gustavo Calle Giraldo;ND;5744600700;rectoria@iush.edu.co; Carrera 70 # 52-49;0;0;0;1;Medellín;0;0;0;4081;4071;10;8;572;0;0;222;72;USD;0;0;0;ND;www.iush.edu.co/;0;168;1688;16468
18;Fundación Universitaria Autónoma de las Americas;Antioquia;Alvaro Maestre Rocha;ND;5744114444;rector@uam.edu.co;Calle 34 A No 76 - 35;0;0;0;1;Medellín;24;0;3;4073;4026;47;19;634;0;0;310;184;USD;1812;862;7905782;ND;www.uam.edu.co/;5;138;1320;14184
18;Corporación Universitaria Latinoamericana CUL;Atlántico;Jose Eduardo Crissien;ND;5753442272;jcrissien@ul.edu.co;Carrera 58 # 55-24A;0;0;0;1;Barranquilla;14;0;0;4061;4061;0;0;0;0;0;149;0;USD;0;0;0;ND;www.ul.edu.co/;0;245;2852;21234
18;Fundación Universitaria de Popayán;Cauca;Mario Alfredo Polo;ND;5728244140;alejandro.acosta@fup.edu.co;Calle 5 # 8-58;0;0;0;1;Popayán;12;1;0;3881;3881;0;0;814;0;0;161;118;USD;0;0;0;ND;www.fup.edu.co/;0;110;975;11025
18;Corporación Universitaria Iberoamericana ;Bogotá;Maria Zulema Vélez;Mercedes Patiño Posse;5713489292;mazulema.velez@iberoamericana.edu.co; Calle 67 N 5-27;0;0;0;1;Bogotá;15;0;8;3818;3759;59;0;806;0;0;187;110;USD;1482;627;6814978;ND;http://www.iberoamericana.edu.co/;5;103;910;10333
18;Corporación Universitaria UNITEC;Bogotá;Carlos Eduardo Rodríguez;Carlos Fernando Parra;5717434343;rectoria@unitec.edu.co;Calle 76 No 12 - 58;0;0;0;1;Bogotá;0;0;0;3813;3752;61;32;726;0;0;294;113;USD;0;0;0;ND;www.unitec.edu.co/;0;93;833;9420
18;Fundación Universitaria Maria Cano;Antioquia;Próspero José Posada ;ND;5744025500;rector@fumc.edu.co;Calle 56 No.41-90;0;0;0;1;Medellín;12;3;4;3717;3717;0;0;573;0;0;104;86;USD;0;1174;8727516;ND;www.fumc.edu.co/;5;149;1431;14885
18;Corporación Universitaria del Meta;Meta;Rafael Mojica Garcia;ND;5786621825;rectoria@unimeta.edu.co;Carrera 32 # 34B-26;0;0;0;1;Villavicencio;30;0;0;3618;3387;231;111;419;0;0;228;115;USD;0;677;6454924;ND;www.unimeta.edu.co/;5;145;1384;14561
18;Universidad CES;Antioquia;"José María Maya";ND;5744440055;cisanchez@ces.edu.co;Calle 10 A No. 22 - 04;0;0;0;1;Medellín;95;0;0;3571;2709;862;338;299;0;0;850;327;USD;3456;1533;17067660;ND;www.ces.edu.co/;4;25;267;3273
18;Universidad Incca de Colombia;Bogotá;Maria Carolina Villamizar;Maria Solita Quijano;5714442000;rectoria@unincca.edu.co;Carrera 13 # 24 - 15;0;0;0;1;Bogotá;28;0;0;3546;3543;3;0;472;0;0;399;0;USD;0;751;7481155;ND;www.unincca.edu.co/;5;123;1146;12808
18;Fundación Universitaria para el Desarrollo Humana UNINPAHU;Bogotá;Myriam Velásquez Bustos;Juan Manuel Linares;5713323500;mvelasquez@inpahu.edu.co;Diagonal 40A No. 15-58 ;0;0;0;1;Bogotá;23;0;0;3466;3466;0;0;494;0;0;218;206;USD;0;787;5271884;ND;www.uninpahu.edu.co/;5;49;446;4931
18;Fundación Centro de Investigación Docencia y Consultoría Administrativa CIDCA;Bogotá;Yimy Alvaro Jaramillo ;ND;5713472927;yimi_jaramillo@cidca.edu.co;Carrera 13 No. 60 - 44;0;0;0;1;Bogotá;53;0;0;3459;3459;0;0;880;0;0;209;0;USD;0;197;1364742;ND;www.cidca.edu.co/;5;199;2077;18401
18;Fundación Universitaria CEIPA;Antioquia;Diego Mauricio Mazo;Antonio Mazo Mejía;5743056138;comunicaciones@ceipa.edu.co;Calle 77 Sur No. 40 - 165;0;0;0;1;Sabaneta;15;14;0;3377;3041;336;152;593;0;0;133;136;USD;0;0;0;ND;www.ceipa.edu.co/;0;94;838;9478
18;Fundación Universitaria Agraria de Colombia UNIAGRARIA;Bogotá;Jorge Orlando Gaitán;Álvaro Zúñiga García;5716677575;rector@uniagraria.edu.co;Calle 170 # 54 A-10;0;0;0;1;Bogotá;13;0;0;3375;2971;404;19;468;0;0;337;151;USD;5149;1396;12453047;ND;www.uniagraria.edu.co/;4;171;1719;16651
18;Fundación Universitaria Konrad Lorenz;Bogotá;Sonia Fajardo Forero;ND;5713472311;info@konradlorenz.edu.co;Carrera 9 Bis No. 62 - 43;0;0;0;1;Bogotá;14;0;0;3277;2980;297;114;416;0;0;290;151;USD;2358;1344;9359795;ND;www.konradlorenz.edu.co/;5;73;668;7545
18;Universidad Católica de Oriente;Antioquia;Dario Gómez Zuluaga;ND;5745699090;academica.dir@uco.edu.co;Cr46-40 B-50;0;0;0;1;Rionegro;24;2;6;3220;3134;86;29;530;0;0;289;773;USD;2272;684;6491760;ND;www.uco.edu.co/;5;102;908;10303
18;Fundación de Educación Superior San Jose;Bogotá;Guillermo Hoyos Goméz;Francisco Pareja González;5713470000;fundador@fessanjose.edu.co ;Calle 67 No. 14A-29 ;0;0;0;1;Bogotá;23;6;0;3050;3050;0;0;0;0;0;0;0;USD;0;0;0;ND;www.fessanjose.edu.co/;0;213;2277;19191
18;Fundación para la Educación Superior San Mateo;Bogotá;Rodrigo Ferreira pinzón;Carlos Orlando Ferreira;5713309999;rectoria@funsanmateo.edu.co;Transversal 17 Nº 25-25;0;0;0;1;Bogotá;38;3;0;3045;3045;0;0;974;0;0;118;60;USD;0;0;0;ND;http://www.sanmateo.edu.co/;0;284;3548;23242
18;Fundación Universitaria Católica del Norte;Antioquia;Francisco Luis Ángel;ND;5746051535;ND;Calle 52 No 47 – 42;0;0;0;1;Santa Rose de Osos;NA;19;0;2963;2963;0;0;630;0;0;142;0;USD;0;359;3331542;ND;www.ucn.edu.co/;5;61;548;6068
18;Universidad Católica de Manizales;Caldas;Gloria del Carmen Torres;ND;5768933050;rec@ucm.edu.co; Carrera 23 No. 60 - 63;0;0;0;1;Manizales;17;1;12;2697;1955;742;322;214;0;0;195;199;USD;1378;628;5904233;ND;www.ucm.edu.co/;5;92;823;9280
18;Fundación Academia de Dibujo Profesional;Valle del Cauca;Martha Inés Jaramillo;Adalberto Rios Jiménez;5726874100;ND;Calle 27 Norte # 6 BN 50;0;0;0;1;Cali;8;0;0;2695;2695;0;0;531;0;0;71;68;USD;0;256;1382462;ND;www.fadp.edu.co/;5;143;1373;14487
18;Fundación Universitaria de Ciencias de la Salud;Bogotá; Sergio Parra;ND;5713538100;informacion@fucsalud.edu.co;Cra. 19 No. 8A - 32;0;0;0;1;Bogotá;51;0;0;2590;2060;530;0;304;0;0;382;166;USD;3668;1152;10538363;ND;http://www.fucsalud.edu.co/;4;96;852;9619
18;Universidad Católica de Pereira;Risaralda;Álvaro Eduardo Betancur ;ND;5763124000;ND;Carrera 21 No. 49-95 ;0;0;0;1;Pereira;24;1;1;2578;2354;224;8;292;0;0;187;106;USD;0;632;4917123;ND;http://www.ucp.edu.co/;5;69;631;7103
18;Fundación Universitaria Esumer;Antioquia;Jhon Romeiro Serna;ND;5744038130;jsernap@esumer.edu.co;Calle 76 No. 80-126 Carretera al Mar;0;0;0;1;Medellín;31;4;0;2571;2310;261;93;522;0;0;210;159;USD;1984;476;3350625;ND;www.esumer.edu.co/;5;133;1263;13743
18;Corporación Escuela de Artes y Letras;Bogotá;Edgar Díaz Santos;ND;5717042907;ND;Calle 70 No. 13 - 29;0;0;0;1;Bogotá;18;0;0;2567;2563;4;3;483;0;0;184;148;USD;1076;850;4523251;ND;www.artesyletras.edu.co;5;202;2138;18649
18;Fundación Universitaria Monserrate;Bogotá;Ricardo Alonso Pulido;ND;5712494959;ND;Calle 72 N 11 - 41;0;0;0;1;Bogotá;14;0;0;2208;2052;156;52;338;0;0;246;112;USD;816;509;2972318;ND;www.unimonserrate.edu.co/;5;191;2039;18255
18;Fundación Universitaria Católica Lumen Gentium;Valle del Cauca;Lida Solarte Astaíza;ND;5725552767;ND;Cra. 122 No. 12 - 459;0;0;0;1;Cali;15;0;0;2178;2178;0;0;454;0;0;208;172;USD;0;571;3118218;ND;www.unicatolica.edu.co/;5;130;1238;13577
18;Corporación Internacional para el Desarrollo Educativo CIDE;Bogotá;Edinson Rafael Castro;ND;5713689618;ND;Calle 41 N° 27 a - 56;0;0;0;1;Bogotá;12;2;4;2175;2175;0;0;162;0;0;98;66;USD;0;0;0;ND;www.cide.edu.co/;0;137;1310;14101
18;Fundación Universitaria Juan N. Corpas;Bogotá;Ana María Piñeros ;ND;5716622222;info@juanncorpas.edu.co;Avenida Corpas # Carrera 111 No. 159 A 61;0;0;0;1;Bogotá;13;0;0;2108;1695;413;153;166;0;0;99;115;USD;0;0;0;ND;www.juanncorpas.edu.co/;0;122;1135;12741
18;Tecnológica FITEC;Santander;Orlando Josue Calero;ND;5776431301;rectoria@fitec.edu.co;Carrera 36 # 48-99;0;0;0;1;Bucaramanga;12;17;1;1933;1933;0;0;0;0;0;0;0;USD;0;0;0;ND;www.fitec.edu.co;0;277;3422;22888
18;Institución Universitaria Tecnológica de Comfacauca ITC;Cauca;Isabel Ramírez Mejía;Juan Cristobal Velasco;5728220517;contacto@unicomfacauca.edu.co;Cl 4 N° 8-30;0;0;0;1;Popayán;0;0;0;1926;1926;0;0;373;0;0;129;178;USD;0;0;0;ND;www.unicomfacauca.edu.co/;0;198;2076;18400
18;Corporación Instituto Superior de Educación ISES;Bogotá;Miguel Antonio Avila;ND;5715441388;info@ises.edu.co;Carrera 23 No. 63 - 36;0;0;0;1;Bogotá;13;0;1;1720;1720;0;0;699;0;0;18;49;USD;0;272;934362;ND;www.ises.edu.co/;5;247;2900;21404
18;Escuela de Administración y Mercadotecnia del Quindío EAM;Quindío;Francisco Jairo Ramírez ;ND;5767451101;cvela@eam.edu.co;Avenida Bolivar No 3 - 11;0;0;0;1;Armenia;39;0;0;1697;1697;0;0;240;0;0;127;76;USD;0;385;1152827;ND;www.eam.edu.co/;5;125;1165;12934
18;Fundación de Estudios Superiores Confanorte FESC;Norte de Santander;Carmen Cecilia Quero;Claudia Cecilia Uribe;5775829292;cliente@fesc.edu.co;Av. 4 Nº 15-14 ;0;0;0;1;Cúcuta;19;5;3;1682;1682;0;0;303;0;0;143;56;USD;0;237;653694;ND;www.fesc.edu.co/;5;210;2250;19077
18;Corporación Universitaria de Santa Rosal de Cabal UNISARC;Risaralda;Elizabeth Villamil Castañeda;Jose Omar Acevedo;5763633548;ND;Kilometro 4 Vía Santa Rosa de Cabal;0;0;0;1;Santa Rosa de Cabal;23;0;0;1675;1664;11;0;222;0;0;38;83;USD;0;0;0;ND;www.unisarc.edu.co/;0;207;2188;18856
18;Escuela de Ingeniería de Antioquia;Antioquia;Carlos Felipe Londoño;ND;5743549090;secrerec@eia.edu.co;Km 2 + 200 Vía al Aeropuerto José María Córdova;0;0;0;1;Medellín;23;0;0;1631;1375;256;102;72;0;0;76;124;USD;8492;2616;10589344;ND;www.eia.edu.co/;4;40;398;4442
18;Corporación Universitaria Autónoma del Cauca;Cauca;Martha Elena Segura;ND;5728213000; uniautonoma@uniautonoma.edu.co; Calle 5 No. 3-85;0;0;0;1;Popayán;18;0;0;1612;1612;0;0;143;0;0;123;123;USD;0;625;2015215;ND;www.uniautonoma.edu.co/;5;141;1353;14370
18;Colegio de Estudios Superiores de Administración CESA;Bogotá;Henry Bradford Sicard;ND;5713395300;igutierrez@cesa.edu.co;Carrera 6 N.o 34-51;0;0;0;1;Bogotá;6;0;0;1603;1031;572;148;184;0;0;300;94;USD;5834;4852;16583305;ND;www.cesa.edu.co/;4;68;626;7049
18;Fundación Universitaria Colombo Internacional UNICOLOMBO;Bolívar;Mario Ramos Velez;ND;5756725800;ND;Av. Pedro de Heredia - Sector Cuatro Vientos No. 31-50 ;0;0;0;1;Cartagena;11;0;0;1592;1566;26;24;249;0;0;0;0;USD;1280;465;1742443;ND;www.unicolombo.edu.co/;5;214;2283;19205
18;Corporación Universitaria Lasallista;Antioquia;Eduardo Murillo Bocanegra;Humberto Murillo López;5743201999;administrador@lasallista.edu.co;Carrera 51 - 118 sur 57;0;0;0;1;Caldas;20;0;0;1513;1479;34;7;185;0;0;264;123;USD;883;1323;4033267;ND;www.lasallista.edu.co/;5;64;572;6414
18;Corporación Universitaria Adventista UNAC;Antioquia;Abraham Acosta Bustillo;ND;5742508328;rectoria@unac.edu.co;Carrera 84 N° 33aa - 01 ;0;0;0;1;Medellín;14;1;1;1507;1471;36;30;142;0;0;159;57;USD;1488;633;2462977;ND;www.unac.edu.co;5;126;1194;13202
18;Institución Universitaria Colegios de Colombia UNICOC;Bogotá;Alberto Carvajalino Slaghekke;ND;5716683535;rector@unicoc.edu.co;Km 20  Autonorte I-55;0;0;0;1;Bogotá;12;0;0;1495;1228;267;112;423;0;0;0;0;USD;0;0;0;ND;www.unicoc.edu.co/;0;180;1851;17357
18;Fundación Universitaria Internacional del Trópico Americano;Casanare;Hernán Rivera Salcedo;ND;5786320716;ND;Carrera 19 No. 39-40.;0;0;0;1;Yopal;30;0;0;1453;1453;0;0;0;0;0;0;0;USD;0;648;2682356;ND;www.unitropico.edu.co/;5;150;1440;14957
18;Fundación Escuela Colombiana de Mercadotecnia ESCOLME ;Antioquia;Juan Carlos Cadavid;ND;5744442828;rector@escolme.edu.co;Calle 50 Nº. 40-39;0;0;0;1;Medellín;16;6;0;1390;1390;0;0;359;0;0;149;51;USD;0;445;933720;ND;www.escolme.edu.co/;5;142;1355;14377
18;Corporación Politécnico de la Costa Atlántica;Atlántico;Hugo Santander Garcia;ND;5753361800;ND;Carrera 38  # 79 A - 167;0;0;0;1;Barranquilla;19;0;0;1254;1254;0;0;237;0;0;0;0;USD;0;0;0;ND;pca.edu.co;0;175;1823;17218
18;Corporación Universitaria Autónoma de Nariño AUNAR;Nariño;Tito Jaime Colunge;ND;5727230508;ND;Carrera 28 No. 19-24;0;0;0;1;Pasto;16;2;3;1170;1162;0;0;112;0;0;123;50;USD;0;360;1029852;ND;www.aunar.edu.co/;5;233;2572;20292
18;Fundación Universitaria Empresarial de la Camara de Comercio de Bogotá;Bogotá;Goe Rojas Hernández;ND;5715082244;rector@uniempresarial.edu.co;Carrera 33A # 30-20;0;0;0;1;Bogotá;15;0;0;1137;1038;99;12;164;0;0;144;79;USD;1500;1586;3588626;ND;www.uniempresarial.edu.co/;5;204;2152;18719
18;Fundación Tecnológica Autónoma del Pacifico;Valle del Cauca;Rene martínez Prieto;Horacio Carvajal Hernandez;5726656575;ND;Avenida 3 Nte # 44-100;0;0;0;1;Cali;9;0;0;1089;1089;0;0;165;0;0;77;30;USD;0;135;294931;ND;www.utap.edu.co/;5;282;3475;23030
18;Fundación Instituto Superior de Carreras Técnicas INSUTEC;Bogotá;Cecilia Garzón Daza;ND;5717437270;ND;Calle 69 #14-30;0;0;0;1;Bogotá;0;0;0;1071;1071;0;0;335;0;0;42;0;USD;0;0;0;ND;www.insutec.edu.co/;0;242;2745;20883
18;Corporación Universal de Investigación y Tecnología CORUNIVERSITEC;Bogotá;Luis Enrique Parada;Andrés Felipe Carillo;5715780330;ND;Calle 34 No. 15-36;0;0;0;1;Bogotá;10;0;2;1069;1069;0;0;0;0;0;0;0;USD;0;236;505132;ND;www.coruniversitec.edu.co/;5;0;0;0
18;Corporación Universitaria de Colombia IDEAS;Bogotá;Ana Cristina Pedraza;ND;5716061101;ideas@ideas.edu.co;Calle 70 # 10a - 39;0;0;0;1;Bogotá;8;0;0;1007;1007;0;0;173;0;0;106;0;USD;0;1272;2561002;ND;www.ideas.edu.co;5;206;2187;18855
18;Corporación Universitaria de Sabaneta J. Emilio Valderrama;Antioquia;Juan Carlos Trujillo ;ND;5743011818;ND;Calle 75 Sur N° 34- 120;0;0;0;1;Sabaneta;7;0;0;999;999;0;0;235;0;0;101;0;USD;0;0;0;ND;www.unisabaneta.edu.co/;0;220;2362;19528
18;Corporación Escuela Superior de Administración y Estudios Tecnológicos EAE;Valle del Cauca;Mariluz Montoya Hoyos;ND;5725130779;contacto@eae.edu.co;Carrera 56  N° 1 B - 161;0;0;0;1;Cali;6;0;0;965;965;0;0;199;0;0;0;7;USD;0;202;390621;ND;www.eae.edu.co/;5;269;3343;22688
18;Corporación Universitaria Centro Superior UNICUCES;Valle del Cauca;Augusto Narvaez Reyes;ND;5726601012;info@unicuces.edu.co;Calle 14 Norte 8N-35;0;0;0;1;Cali;14;0;0;963;963;0;0;243;0;0;70;40;USD;0;476;789377;ND;unicucesvirtual.co/unicuces_/;5;254;2987;21667
18;Fundación Universitaria Sanitas;Bogotá;Mario Isaza Ruget ;ND;5715895377;misaza@colsanitas.com;calle 23 No. 66 – 46;0;0;0;1;Bogotá;20;0;0;962;827;135;6;12;0;0;157;258;USD;0;0;0;ND;www.unisanitas.edu.co/;0;118;1078;12219
18;Corporación Tecnológica de Bogotá CTB;Bogotá;Hernán Mauricio Chaves;Gabriel Arango Valdes;5713483061;ND;Carrera 21 No. 53 D - 35;0;0;0;1;Bogotá;6;0;0;954;954;0;0;206;0;0;68;86;USD;0;311;593856;ND;www.ctb.edu.co/;5;217;2311;19316
18;Fundación Universitaria Cafam;Bogotá;Francisco Cajiao Restrepo ;ND;5716528600;ND;Av. Cra 68  N° 90 - 88 ;0;0;0;1;Bogotá;8;0;0;951;951;0;0;171;0;0;81;58;USD;0;638;1650072;ND;www.unicafam.edu.co/;5;146;1391;14613
18;Corporación Politécnico Marco Fidel Suarez;Antioquia;Jairo Fernando Lopez;ND;5744601505;info@pmfs.edu.co;Calle 48 Nº. 50-30;0;0;0;1;Bello;30;0;1;911;911;0;0;131;0;0;59;43;USD;0;205;208921;ND;www.pmfs.edu.co/;5;208;2234;19040
18;Corporación Tecnológica Industrial Colombiana TEINCO;Bogotá;Diana Patricia Camargo;ND;5714856565;informacion@teinco.edu.co;Cll. 42 No. 16 - 86;0;0;0;1;Bogotá;18;0;0;875;875;0;0;0;0;0;0;0;USD;0;0;0;ND;www.teinco.edu.co/;0;0;0;0
18;Corporación Universitaria Antonio José de Sucre CORPOSUCRE;Sucre;Patricia Patiño Sabbagh;ND;5752812282;contacto@corposucre.edu.co;Carrera 21 No 25-59 La María;0;0;0;1;Sincelejo;25;0;0;872;872;0;0;256;0;0;197;0;USD;0;0;0;ND;www.corposucre.edu.co/;0;239;2694;20724
18;Corporación Universitaria Regional del Caribe IAFIC;Bolívar;ND;ND;5756666470;ND;Calle 31 N° 18B-17;0;0;0;1;Cartagena;9;0;4;865;865;0;0;328;0;0;57;0;USD;0;0;0;ND;www.iafic.edu.co/;0;257;3053;21890
18;Corporación Universitaria CENDA;Bogotá;"Luis HernandoBallestas";ND;5712453216;ND;Av. Caracas No.35-18/02 ;0;0;0;1;Bogotá;10;0;0;817;817;0;0;136;0;0;55;32;USD;0;399;811167;ND;www.cenda.edu.co/;5;177;1830;17251
18;Corporación Universitaria Empresarial de Salamanca;Atlántico;María Carolina Arango;Jairo Arango Van Houten;5753606585;ND;Carrera 50 No 79-155;0;0;0;1;Barranquilla;8;0;0;784;784;0;0;151;0;0;60;37;USD;0;472;607945;ND;cues.edu.co;5;253;2981;21651
18;Corporación Empresarial Alexander Von Humbold CUE;Quindío;Diego Fernando Jaramillo;Rodrigo Estrada Reveiz;5767450025;info@cue.edu.co;Avenida Bolívar No 1-189;0;0;0;1;Armenia;6;0;0;746;746;0;0;114;0;0;123;64;USD;0;1440;2147883;ND;www.cue.edu.co/;5;194;2051;18298
18;Corporación Colegiatura Colombiana;Antioquia;Julio Salleg Taboada;ND;5743547120;ND;Km 7. Vía Las Palmas - Medellín;0;0;0;1;Medellín;7;0;0;717;704;13;0;68;0;0;130;72;USD;0;0;0;ND;www.colegiatura.edu.co/;0;166;1628;16159
18;LCI Fundación Tecnológica;Bogotá; Paula Perotti;ND;5712174757;ND;Calle 77A # 13-12;0;0;0;1;Bogotá;14;0;0;716;716;0;0;161;0;0;226;70;USD;0;0;0;ND;www.lci.edu.co/;0;0;0;0
18;Corporación de Educación Tecnológica Colsubsidio EADS;Bogotá;Wilmar Chinchilla Moreno;ND;5717437983;info@cetcolsubsidio.edu.co;Calle 52a No. 9-76;0;0;0;1;Bogotá;8;0;0;714;714;0;0;136;0;0;72;20;USD;0;131;186874;ND;www.cetcolsubsidio.edu.co/;5;250;2951;21547
18;Fundación Universitaria Claretiana FUCLA;Chocó;Jose Agustín Monroy;ND;5746711217;ND;Calle 20 No. 5-66 B;0;0;0;1;Quibdó;0;0;0;670;632;38;0;78;0;0;115;0;USD;0;0;0;ND;www.uniclaretiana.edu.co/;0;225;2485;19979
18;Fundación Tecnológica Autónoma de Bogotá FABA;Bogotá;Nieves Lizcano Gamboa;ND;5716914004;rectorfaba@faba.edu.co;Carrera 14 # 80-35;0;0;0;1;Bogotá;11;0;0;641;641;0;0;107;0;0;64;26;USD;0;0;0;ND;portal.faba.edu.co/;0;237;2666;20644
18;Fundación Escuela Colombiana de Rehabilitación;Bogotá;Martha Isabel Botero;ND;5716270366;ecr@ecr.edu.co;Av. carrera 15 No. 151-68;0;0;0;1;Bogotá;9;0;0;631;475;156;31;61;0;0;92;45;USD;0;0;0;ND;www.ecr.edu.co/;0;174;1808;17153
18;Escuela Superior de Ciencias Empresariales ECIEM;Bogotá;Leonor Rubio;ND;5717434541;leonor.rubio@eciem.edu.co;Calle 24 N 27A-62;0;0;0;1;Bogotá;8;0;0;575;559;16;16;97;0;0;67;35;USD;1006;194;248623;ND;www.eciem.edu.co/;5;242;3420;22883
18;Corporación de Estudios Tecnológicos del Norte del Valle;Valle del Cauca;Maria de la Cruz Moscoso;ND;5722111804;info@cotecnova.edu.co;Calle 10 # 3-95 ;0;0;0;1;Cartago;8;0;0;573;573;0;0;133;0;0;40;0;USD;0;0;0;ND;www.cotecnova.edu.co/;0;72;662;7437
18;Corporación Universitaria de Ciencias Empresariales  Educación y Salud CORSALUD;Atlántico;Maria Sanchez Majana;ND;5753682894;Info@corsalud.edu.co;Carrera 53 No. 59 - 70 ;0;0;0;1;Barranquilla;8;0;0;558;517;41;41;75;0;0;43;0;USD;1248;698;722028;ND;www.corsalud.edu.co/;5;246;2859;21261
18;Institución Universitaria Latina UNILATINA;Bogotá;Nelly Bautista;ND;5715737488;nelly.bautista@unilatina.edu.co;Calle 46 N° 3 - 05;0;0;0;1;Bogotá;11;0;0;551;551;0;0;36;0;0;45;0;USD;0;0;0;ND;www.unilatina.edu.co/;0;173;1804;17127
18;Fundación Universitaria Bellas Artes;Antioquia;Egda Rubi García ;ND;5744447787;rectoria@bellasartesmed.edu.co;Carrera 42A # 48-8;0;0;0;1;Medellín;3;0;0;481;481;0;0;71;0;0;14;24;USD;0;1327;1276510;ND;www.bellasartesmed.edu.co/;5;185;1924;17725
18;Universitaria de Colombia ;Bogotá;Marco Moreno de Caro;ND;5712880871;ND;Carrera 7 N° 35 - 85;0;0;0;1;Bogotá;7;0;0;433;433;0;0;433;0;0;38;0;USD;0;0;0;ND;www.universitariadecolombia.edu.co/;0;295;3762;23798
18;Corporación Universitaria Reformada CUR;Atlántico;William Schutmaat Loew;ND;5753680130;ND;Carrera 38 No. 74 -179 ;0;0;0;1;Barranquilla;16;0;0;423;423;0;0;0;0;0;0;0;USD;0;0;0;ND;unireformada.edu.co/;0;172;1795;17068
18;Fundación Universitaria Seminario Teológico Bautista Internacional;Valle del Cauca;Pablo Moreno Palacios;ND;5725132323;ND;Carrera 56 No. 1B-112;0;0;0;1;Cali;2;0;1;412;412;0;0;1;0;0;0;0;USD;0;0;0;ND;http://www.unibautista.edu.co/;0;0;0;0
18;Corporación de Educación del Norte del Tolima COREDUCACIÓN;Tolima;David Ramon Caldas;Efrain Galeano Enciso;5782513266;ND;Calle 10 N° 29 - 93 ;0;0;0;1;Honda;9;0;0;386;386;0;0;53;0;0;0;44;USD;0;0;0;ND;www.coreducacion.edu.co/;0;255;3000;21712
18;Corporación Centro de Nuestra Señora de las Mercedes;Bogotá;Alvaro Hoffmann;ND;5715894400;ND;Carrera 103D # 136-03;0;0;0;1;Bogotá;2;0;0;372;372;0;0;208;0;0;32;27;USD;0;0;0;ND;www.lasmercedes.edu.co;0;273;3389;22795
18;Corporación Educativa ITAE;Santander;ND;ND;5772232785;corpoeducativa@hotmail.com;Avenida Elena 7 - 17 zona 1;0;0;0;1;Bucaramanga;16;0;0;0;0;0;0;73;0;0;44;26;USD;0;0;0;ND;www.corpoeducativa.com/;0;236;2608;20410
18;Fundación de Estudios Superiores Monseñor Abraham Escudero Montoya FUNDES;Tolima;Etilio Aldana Lozano;ND;5782488787;fundes@fundes.edu.co;Carrera 7 No. 10-37 B;0;0;0;1;Espinal;0;0;0;0;0;0;0;16;0;0;28;0;USD;0;0;0;ND;www.fundes.edu.co/;0;0;0;0
18;Corporación Academia Superior de Artes;Antioquia;ND;ND;ND;ND;ND;0;0;0;1;Medellín;6;0;0;0;0;0;0;87;0;0;44;0;USD;0;0;0;ND;ND;0;201;2126;18592
18;Corporación Instituto de Administración y Finanzas CIAF;Risaralda;ND;ND;ND;ND;ND;0;0;0;1;Pereira;5;0;0;0;0;0;0;117;0;0;31;0;USD;0;0;0;ND;ND;0;251;2954;21565
18;Fundación Universitaria San Alfonso FUSA;Bogotá;ND;ND;ND;ND;ND;0;0;0;1;Bogotá;0;0;0;0;0;0;0;40;0;0;0;0;USD;0;0;0;ND;ND;0;286;3562;23293
18;Corporación Educativa Taller 5 Centro de Diseño;Bogotá;ND;ND;ND;ND;ND;0;0;0;1;Bogotá;7;0;0;0;0;0;0;70;0;0;54;45;USD;0;0;0;ND;ND;0;196;2062;18353
18;Fundación de Educación Superior Nueva América;Bogotá;ND;ND;ND;ND;ND;0;0;0;1;Bogotá;7;0;0;0;0;0;0;18;0;0;0;0;USD;0;0;0;ND;ND;0;227;2501;20024
18;Corporación Politécnico Colombo Andino;Bogotá;ND;ND;ND;ND;ND;0;0;0;1;Bogotá;2;0;0;272;272;0;0;0;0;0;21;0;USD;0;0;0;ND;ND;0;226;2498;20014
18;Corporación Interamericana de Educación Superiror CORPOCIDES;Santander;ND;ND;ND;ND;ND;0;0;0;1;Bucaramanga;5;0;0;229;229;0;0;88;0;0;38;0;USD;0;0;0;ND;ND;0;265;3274;22501
18;Corporación Academia Tecnológica de Colombia ATEC;Antioquia;ND;ND;ND;ND;ND;0;0;0;1;Medellín;3;0;0;229;229;0;0;0;0;0;23;0;USD;0;0;0;ND;ND;0;232;2571;20283
18;Fundación Tecnológica San Francisco de Asis;Bogotá;ND;ND;ND;ND;ND;0;0;0;1;Bogotá;8;5;0;181;181;0;0;19;0;0;25;0;USD;0;0;0;ND;ND;0;272;3386;22792
18;Institución Universitaria Colombo Americana UNICA;Bogotá;ND;ND;ND;ND;ND;0;0;0;1;Bogotá;2;0;0;178;140;38;10;14;0;0;27;8;USD;0;0;0;ND;ND;0;223;2471;19945
18;Corporación Educativa Instituto Técnico Superior de Artes IDEARTES;Antioquia;ND;ND;ND;ND;ND;0;0;0;1;Medellín;5;0;0;163;163;0;0;27;0;0;34;0;USD;0;384;125184;ND;ND;5;256;3028;21790
18;Corporación Regional de Educación Superior CRES;Valle del Cauca;ND;ND;ND;ND;ND;0;0;0;1;Cali;2;0;0;157;157;0;0;9;0;0;16;0;USD;0;0;0;ND;ND;0;274;3401;22838
18;Instituto Superior de Ciencias Sociales y Económico Familiares ICSEF;Bogotá;ND;ND;ND;ND;ND;0;0;0;1;Bogotá;9;0;0;130;130;0;0;15;0;0;31;0;USD;0;0;0;ND;ND;0;160;1544;15581
18;Corporación Universitaria para el Desarrollo Empresarial y Social CUDES;Valle del Cauca;ND;ND;ND;ND;ND;0;0;0;1;Cali;2;0;0;122;122;0;0;49;0;0;19;0;USD;0;1042;254346;ND;ND;5;292;3680;23601
18;Corporación Escuela Tecnológica del Oriente ;Santander;ND;ND;ND;ND;ND;0;0;0;1;Bucaramanga;8;0;0;113;68;45;32;6;0;0;23;25;USD;476;0;42818;ND;ND;5;268;3333;22664
18;Fundación Tecnológica Colombo Germana;Bogotá;ND;ND;ND;ND;ND;0;0;0;1;Bogotá;7;0;0;108;108;0;0;51;0;0;17;17;USD;0;339;73267;ND;ND;5;290;3643;23519
18;Instituto de Educación Empresarial IDEE;Valle del Cauca;ND;ND;ND;ND;ND;0;0;0;1;Cali;8;2;1;100;100;0;0;18;0;0;27;11;USD;0;263;52587;ND;ND;5;230;2544;20184
18;Fundación Universitaria Seminario Bíblico de Colombia;Antioquia;ND;ND;ND;ND;ND;0;0;0;1;Medellín;1;2;0;94;86;8;6;6;0;0;19;33;USD;755;898;166469;ND;ND;5;200;2124;18587
18;Fundación Universitaria Cervantina San Agustín ;Bogotá;ND;ND;ND;ND;ND;0;0;0;1;Bogotá;12;0;0;93;93;0;0;15;0;0;35;17;USD;0;1412;262680;ND;ND;5;283;3536;23211
18;Fundación Tecnológica Rural COREDI;Antioquia;ND;ND;ND;ND;ND;0;0;0;1;Marinilla;2;0;0;64;64;0;0;12;0;0;18;49;USD;0;0;0;ND;ND;0;235;2587;20345
18;Fundación Politécnica CORPO;Bogotá;ND;ND;ND;ND;ND;0;0;0;1;Bogotá;2;0;0;63;63;0;0;12;0;0;17;17;USD;0;0;0;ND;ND;0;261;3192;22281
18;Politécnico Santafé de Bogotá;Bogotá;ND;ND;ND;ND;ND;0;0;0;1;Bogotá;5;0;0;50;50;0;0;6;0;0;8;18;USD;0;0;0;ND;ND;0;264;3273;22499
18;Fundación Escuela Tecnológica de Neiva Jesús Oviedo pérez;Huila;ND;ND;ND;ND;ND;0;0;0;1;Neiva;0;0;0;47;47;0;0;1;0;0;15;0;USD;0;0;0;ND;ND;0;289;3609;23427
18;Fundación Universitaria CIEO;Bogotá;ND;ND;ND;ND;ND;0;0;0;1;Bogotá;5;0;0;45;0;45;45;0;0;0;103;16;USD;5703;0;513270;ND;ND;5;280;3442;22942
18;Corporación Universitaria de Ciencia y Tecnología de Colombia;Antioquia;ND;ND;ND;ND;ND;0;0;0;1;Medellín;3;0;0;38;38;0;0;16;0;0;10;5;USD;0;738;56118;ND;ND;5;0;0;0
18;Corporación Tecnológica Indoamérica;Atlántico;ND;ND;ND;ND;ND;0;0;0;1;Barranquilla;8;0;0;32;32;0;0;0;0;0;12;6;USD;0;328;21012;ND;ND;5;293;3697;23658
18;Fundación de Estudios Superiores Universitarios de Uraba Antonio Roldan Betancur;Antioquia;ND;ND;ND;ND;ND;0;0;0;1;Apartadó;2;0;0;29;29;0;0;0;0;0;0;0;USD;0;0;0;ND;ND;0;252;2969;21608
18;Fundación Tecnológica de Madrid;Cundinamarca;ND;ND;ND;ND;ND;0;0;0;1;Madrid;4;0;0;23;23;0;0;14;0;0;8;18;USD;0;180;8298;ND;ND;5;287;3573;23326
18;Fundación Interamericana Técnica FIT;Bogotá;ND;ND;ND;ND;ND;0;0;0;1;Bogotá;1;0;0;20;20;0;0;0;0;0;8;0;USD;0;0;0;ND;ND;0;258;3073;21936
18;Escuela Superior de Oftalmología  Instituto Barranquer de América;Bogotá;ND;ND;ND;ND;ND;0;0;0;1;Bogotá;1;0;0;12;0;12;2;0;0;0;15;0;USD;0;0;0;ND;ND;0;0;0;0
18;Fundación para la Educación Superior Real de Colombia;Bogotá;ND;ND;ND;ND;ND;0;0;0;1;Bogotá;1;0;0;0;0;0;0;0;0;0;0;0;USD;0;0;0;ND;ND;0;0;0;0
18;Corporación Tecnológica Superior Siglo XXI;Córdoba;ND;ND;ND;ND;ND;0;0;0;1;Cereté;0;0;0;0;0;0;0;0;0;0;0;0;USD;0;0;0;ND;ND;0;0;0;0
18;Corporación Educativa del Oriente;Norte de Santander;ND;ND;ND;ND;ND;0;0;0;1;Cúcuta;0;0;0;0;0;0;0;0;0;0;0;0;USD;0;0;0;ND;ND;0;0;0;0
18;Unión Americana de Educación Superior ;Bogotá;ND;ND;ND;ND;ND;0;0;0;1;Bogotá;9;0;4;0;0;0;0;0;0;0;0;0;USD;0;0;0;ND;ND;0;266;3321;22615
18;Fundación Eurocolombiana de Educación Superior EUROCOL;Bogotá;ND;ND;ND;ND;ND;0;0;0;1;Bogotá;0;0;0;0;0;0;0;0;0;0;0;0;USD;0;0;0;ND;ND;0;0;0;0
18;Fundación de Educación Superior ESATEC;Bogotá;ND;ND;ND;ND;ND;0;0;0;1;Bogotá;0;0;0;0;0;0;0;0;0;0;0;0;USD;0;0;0;ND;ND;0;0;0;0
18;Tecnológica del Sur;Valle del Cauca;ND;ND;ND;ND;ND;0;0;0;1;Cali;2;0;1;0;0;0;0;0;0;0;0;0;USD;0;0;0;ND;ND;0;288;3574;23330
18;Fundación Centro de Educación Superior  Investigación y Profesionalización CEDIMPRO;Bogotá;ND;ND;ND;ND;ND;0;0;0;1;Bogotá;5;0;1;0;0;0;0;0;0;0;0;0;USD;0;0;0;ND;ND;0;0;0;0
18;Corporación Centro de Estudios Artísticos y Técnicos CEART;Bogotá;ND;ND;ND;ND;ND;0;0;0;1;Bogotá;4;0;0;0;0;0;0;0;0;0;0;0;USD;0;0;0;ND;ND;0;259;3079;21964
18;Corporación Tecnológico Copacabana TECO;Antioquia;ND;ND;ND;ND;ND;0;0;0;1;Copacabana;0;0;0;0;0;0;0;0;0;0;0;0;USD;0;0;0;ND;ND;0;0;0;0
18;Corporación de Educación Superior Miguel Camacho Perea;Valle del Cauca;ND;ND;ND;ND;ND;0;0;0;1;Cali;0;0;0;0;0;0;0;0;0;0;0;0;USD;0;0;0;ND;ND;0;0;0;0
18;Corporación Tecnológica Católica de Occidente TECOC;Antioquia;ND;ND;ND;ND;ND;0;0;0;1;Santa Fe de Antioquia;2;0;0;0;0;0;0;0;0;0;0;0;USD;0;0;0;ND;ND;0;260;3121;22100
18;Corporación Jhon F. Kennedy;Bogotá;ND;ND;ND;ND;ND;0;0;0;1;Bogotá;1;0;0;0;0;0;0;0;0;0;8;0;USD;0;0;0;ND;ND;0;0;0;0
18;Politécnico Indoamericano;Bogotá;ND;ND;ND;ND;ND;0;0;0;1;Bogotá;0;0;0;0;0;0;0;0;0;0;0;16;USD;0;0;0;ND;ND;0;285;3557;23274
18;Corporación de Estudios Superiores Salamandra;Valle del Cauca;ND;ND;ND;ND;ND;0;0;0;1;Cali;2;0;0;0;0;0;0;0;0;0;0;0;USD;0;0;0;ND;ND;0;161;1570;15781
18;Corporación Colombo Alemana para la Formación Tecnológica ICAFT;Bogotá;ND;ND;ND;ND;ND;0;0;0;1;Bogotá;0;0;0;0;0;0;0;0;0;0;0;12;USD;0;0;0;ND;ND;0;0;0;0
18;Corporación Educativa del Litoral;Atlántico;ND;ND;ND;ND;ND;0;0;0;1;Barranquilla;10;0;0;0;0;0;0;0;0;0;0;0;USD;0;0;0;ND;ND;0;0;0;0
18;Fundación de Educación Superior Sikunai FESI;Bogotá;ND;ND;ND;ND;ND;0;0;0;1;Bogotá;0;0;0;0;0;0;0;0;0;0;0;0;USD;0;0;0;ND;ND;0;0;0;0
18;Corporación Técnica de Colombia CORPOTEC;Bogotá;ND;ND;ND;ND;ND;0;0;0;1;Bogotá;1;0;0;0;0;0;0;0;0;0;0;0;USD;0;0;0;ND;ND;0;0;0;0
18;Fundación Escuela Colombiana de Hotelería y Turismo ECOTET;Bogotá;ND;ND;ND;ND;ND;0;0;0;1;Bogotá;3;0;0;0;0;0;0;0;0;0;13;12;USD;0;0;0;ND;ND;0;211;2252;19081
18;Escuela de Tecnologías de Antioquia ETA;Antioquia;ND;ND;ND;ND;ND;0;0;0;1;Medellín;2;0;0;0;0;0;0;0;0;0;0;0;USD;0;0;0;ND;ND;0;271;3374;22763
18;Universidad Simón Bolívar;Atlántico;ND;ND;ND;ND;ND;0;0;0;1;Barranquilla;0;0;0;0;0;0;0;0;0;0;0;0;USD;0;0;0;ND;ND;0;129;1235;13524
18;Centro Educacional de Computos y Sistemas CEDESISTEMAS;Antioquia;ND;ND;ND;ND;ND;0;0;0;1;Medellín;2;0;0;0;0;0;0;0;0;0;0;0;USD;0;0;0;ND;ND;0;0;0;0
18;Corporación Universitaria Americana;Atlántico;ND;ND;ND;ND;ND;0;0;0;1;Barranquilla;30;0;0;0;0;0;0;0;0;0;0;0;USD;0;0;0;ND;ND;0;197;2066;18371
18;Corporación Bolivariana de Educación Superior CORBES;Norte de Santander;ND;ND;ND;ND;ND;0;0;0;1;Cúcuta;0;0;0;0;0;0;0;0;0;0;0;0;USD;0;0;0;ND;ND;0;0;0;0
18;Corporación Cristiana Universitaria de San Andrés  Providencia y Santa Catalina;San Andrés y Providencia;ND;ND;ND;ND;ND;0;0;0;1;San Andrés;0;0;0;0;0;0;0;0;0;0;0;0;USD;0;0;0;ND;ND;0;0;0;0
18;Fundación Centro Colombiano de Estudios Superiores CCED;Valle del Cauca;ND;ND;ND;ND;ND;0;0;0;1;Cali;0;0;0;0;0;0;0;0;0;0;0;0;USD;0;0;0;ND;ND;0;0;0;0
18;Fundación Instituto de Carreras Técnicas Profesionales FIDCI;Valle del Cauca;ND;ND;ND;ND;ND;0;0;0;1;Cali;0;0;0;0;0;0;0;0;0;0;0;0;USD;0;0;0;ND;ND;0;0;0;0
18;Fundación Centro Universitario de Bienestar Rural;Cauca;ND;ND;ND;ND;ND;0;0;0;1;Puerto Tejada;0;0;0;0;0;0;0;0;0;0;0;0;USD;0;0;0;ND;ND;0;267;3328;22640
18;Corporación Centro Técnico Arquitectónico;Risaralda;ND;ND;ND;ND;ND;0;0;0;1;Pereira;0;0;0;0;0;0;0;0;0;0;0;0;USD;0;0;0;ND;ND;0;0;0;0