3;Universidad del Valle de México;México D.F.;ND;ND;525552789911;ND;Av. Constituyentes No. 151 San Miguel Chapultepec  C.P. 11850  Miguel Hidalgo  Distrito Federal ;0;0;0;0;ND;0;0;0;67408;66939;469;34;16983;0;0;7937;0;USD;4200;3500;236256300;ND;www.universidaduvm.mx/;2;42;1713;16616
3;Instituto Tecnológico y de Estudios Superiores de Monterrey;Monterrey;David Noel Ramírez Padilla;ND;528183582000;nohemi.davila@itesm.mx;Eugenio Garza Sada 2501  64849 Monterrey  N.L. ;0;0;0;0;ND;0;0;0;52934;52826;108;30;10098;0;0;5461;0;USD;3850;2850;150969900;ND;www.itesm.mx/;2;7;46;912
3;Universidad Tecnológica de México;México D.F.;ND;ND;525591385000;ND; Av. Parque Chapultepec No. 56  Piso 1 Col. El Parque. Mun. Naucalpan de Juarez  México  D.F;0;0;0;0;ND;0;0;0;39527;36764;2763;1428;10894;0;0;6664;0;USD;3254;2130;87298122;ND;www.unitec.mx/;3;97;877;9928
3;Universidad Mexicana;México D.F.;Ángel Matiello Canales;ND;525591380060;umizc_relaciones@unimex.edu.mx;Emilio Castelar No. 63  esq. Eugenio Sue  (Polanco o Auditorio). Col. Polanco-Chapultepec  C.P.11560  México D.F. ;0;0;0;0;ND;0;0;0;21016;20377;639;121;7337;0;0;868;0;USD;3185;2540;53792795;ND;unimex.edu.mx/;3;274;1863;17412
3;Universidad Anáhuac;México D.F.;Jesús Quirce Andrés;ND;525556270210;rector@anahuac.mx;Av. Universidad Anáhuac  núm. 46 Col. Lomas Anáhuac Huixquilucan  Edo. de México ;0;0;0;0;ND;0;0;0;18428;18126;302;89;4302;0;0;3203;0;USD;2548;1564;29118560;ND;www.anahuac.mx/;4;49;385;4379
3;Universidad Metropolitana de Monterrey;Monterrey;Jose Luis Quintero;ND;528181307900;comunica.rectoria@umm.edu.mx;Washington 424-A ote. entre Mariano Escobdeo y Emilio Carranza;0;0;0;0;ND;0;0;0;17320;15204;2116;490;3117;0;0;562;0;USD;2154;1310;24475104;ND;www.umm.edu.mx/;4;149;1277;13828
3;Universidad Insurgentes;México D.F.;Argelia Hernández Espinoza;ND;525555121212;argelia.hernandez@universidadinsurgent es.edu.mx;Viaducto Miguel Alemán 155. 03510 Benito Juarez.;0;0;0;0;ND;0;0;0;14483;14182;301;93;3970;0;0;990;0;USD;3122;2835;41145692;ND;universidadinsurgentes.edu.mx/;4;243;1734;16698
3;Universidad Iberoamericana;México D.F.;David Fernández Dávalos;ND;525559504000;david.fernandez@ibero.mx;Prolongación Paseo de la Reforma 880  Alvaro Obregon  Lomas De santa Fe  01219 Ciudad de México  D.F.;0;0;0;0;ND;0;0;0;13281;12352;929;364;2416;0;0;607;0;USD;3168;2895;38702112;ND;www.uia.mx/;4;14;87;1546
3;Universidad Icel;México D.F.;Alfonso Nacer Gobera;ND;525553509100;rectoria@icel.edu.mx;Liverpool Esq Berlín 24. 06600 Ciudad de México.;0;0;0;0;ND;0;0;0;13041;11816;1225;320;2176;0;0;496;0;USD;2115;1895;24982195;ND;www.icel.edu.mx/;4;131;1169;12982
3;Universidad Autónoma de Guadalajara;Jalisco;Antonio Leaño Reyes;ND;523336488463;aleano@uag.mx;Av. Patria 1201  Col. Lomas del Valle  C.P. 45129  Zapopan  Jalisco ;0;0;0;0;ND;0;0;0;12662;11888;774;171;3233;0;0;1019;0;USD;2894;2165;27977476;ND;www.uag.mx/;4;51;413;4535
3;Universidad Interamericana para el Desarrollo;Tehuacan;Dagoberto Nieto Martínez;ND;524499941108;dnieto@unid.edu.mx; Av. Jose Garci-crespo No. 2421 San Nicolas Tetitzintla C.P. 75710 ;0;0;0;0;ND;0;0;0;12409;12127;282;104;4070;0;0;2155;0;USD;2548;1985;24790631;ND;www.unid.edu.mx/;4;77;698;7892
3;Universidad de León;León;Fernando Arturo Calderón Gama;ND;524777738701;acalderon@universidaddeleon.edu.mx;Av. Plaza Centro Comercial los Paraísos #101  Col. Los Paraísos. León  Gto;0;0;0;0;ND;0;0;0;12383;11212;1171;440;3799;0;0;1245;0;USD;1790;1890;23286770;ND;www.universidaddeleon.edu.mx/;4;216;1589;15954
3;Universidad Tecmilenio;Cancún;Héctor Mauricio Escamilla Santana;ND;529988814700;hector.escamilla@tecmilenio.mx;Av. Bonampak 371  Sm-10  Mza2 Cancún  Quintana Roo. C.P. 77528 ;0;0;0;0;ND;0;0;0;11016;10997;19;0;3009;0;0;473;0;USD;1995;1308;14421981;ND;tecmilenio.mx/;4;73;661;7419
3;Universidad del Valle de Atemajac;Jalisco;Francisco Ramírez Yáñez;ND;523331340800;informacion.univa@univa.mx;Santiago Méndez Bravo. Av. Tepeyac No. 4800  Fracc. Prados Tepeyac  45050 Guadalajara  Jal.  ;0;0;0;0;ND;0;0;0;10281;10178;103;38;2138;0;0;1052;0;USD;2564;1856;19154460;ND;www.univa.mx/;4;89;810;9185
3;Universidad Univer;Jalisco;Agustín Albán Maldonado;ND;523331218010;rector@univermilenium.edu.mx;Av. Ávila Camacho No. 2089 Col. Jardines del Country;0;0;0;0;ND;0;0;0;10209;10147;62;29;4437;0;0;395;0;USD;1040;1000;10211480;ND;www.univer.mx/;4;495;2546;20188
3;Universidad Popular Autónoma del Estado de Puebla;Puebla;Emilio Jasé Baños Ardavín;ND;522222299400;rector@upaep.mx;Calle 21 Sur No.1103  Barrio Santiago  72410 Heróica Puebla de Zaragoza ;0;0;0;0;ND;0;0;0;9957;9943;14;0;2291;0;0;1119;0;USD;3760;2152;21449976;ND;www.upaep.mx/;4;52;417;4574
3;Instituto Tecnológico y de Estudios Superiores de Occidente;Jalisco;José Morales Orozco;ND;523336693434;rectoria@iteso.mx;Periférico Sur Manuel Gómez Morín # 8585 C.P. 45604 Tlaquepaque  Jalisco;0;0;0;0;ND;0;0;0;9881;8972;909;269;1598;0;0;1012;0;USD;4035;3166;32073167;ND;www.iteso.mx/;4;98;905;10280
3;Instituto de Estudios Superiores de Chiapas;Chiapas;Emilio Enrique Salazar Narváez;ND;529616141621;rector@iesch.edu.mx;Palmas s/n. 30700 Tapachula Centro.;0;0;0;0;ND;0;0;0;9777;8786;991;553;3614;0;0;841;0;USD;2165;1165;12381205;ND;www.iesch.edu.mx/;4;176;1413;14761
3;Universidad de Monterrey;Nuevo León;Antonio José Dieck Assad ;ND;528182151010;ajdieck@udem.edu.mx;Av. Ignacio Morones Prieto 4500 Pte.  66238 San Pedro Garza García  N.L. ;0;0;0;0;ND;0;0;0;9148;7935;1213;370;1542;0;0;693;0;USD;2564;1760;17075732;ND;www.udem.edu.mx/;4;47;374;4332
3;Universidad Valle del Grijalva;Chiapas;Mario Alberto González González;ND;529818166869;uvg@uvg.edu.mx;Blvd. Belisario Domínguez 1755. 29000 Tuxtla Gutiérrez.;0;0;0;0;ND;0;0;0;9083;7880;1203;459;2352;0;0;365;0;USD;2564;1954;18482012;ND;www.uvg.edu.mx/;4;247;1747;16792
3;Universidad Panamericana;México D.F.;José Antonio Lozano Díez;ND;524499106200;jlozano@up.edu.mx;Calle Augusto Rodin 498  Benito Juárez  Insurgentes Mixcoac  03920 Ciudad de México  D.F. ;0;0;0;0;ND;0;0;0;8855;8420;435;127;2497;0;0;818;0;USD;2354;1564;14192870;ND;www.up.edu.mx/;4;48;382;4372
3;Escuela Bancaria y Comercial  S.C.;México D.F.;Carlos Prieto Sierra ;ND;525591492000;comenta.ventana@ebc.edu.mx;Marsella No. 44 Colónia Juárez Delegación Cuauhtemoc ;0;0;0;0;ND;0;0;0;8307;7828;479;83;1930;0;0;948;0;USD;2015;1250;10750185;ND;www.ebc.mx/;4;135;1182;13044
3;Universidad la Salle  A.C. - Bajío;Guanajuato;Andrés Govela Gutiérrez;ND;524777108500;rectoria@delasalle.edu.mx;Av. Universidad 602. 37150 León de Los Aldama.;0;0;0;0;ND;0;0;0;8124;6583;1541;846;1908;0;0;756;0;USD;4056;3270;27776706;ND;www.delasalle.edu.mx/;4;85;785;8782
3;Centro Universitario de Ixtlahuaca  a.c.;Toluca;Margarito Ortega Ballesteros ;ND;527122831012;rafael.balderas@uicui.edu.mx;Av. Miguel Hidalgo Pte. #1059 Barrio de San Bernardino  Toluca  Estado de México;0;0;0;0;ND;0;0;0;8043;7731;312;97;2031;0;0;400;0;USD;1980;1460;11905020;ND;uicui.edu.mx/;4;527;2656;20594
3;Universidad Tangamanga;San Luis;Guillermo Arturo Casto Pérez;ND;524448234900;rectoria@utan.edu.mx;Av. Fray Diego de la Magdalena #42 Col. Saucito C.P. 78110  San Luis Potosí  S.L.P.;0;0;0;0;ND;0;0;0;8024;7385;639;334;3185;0;0;192;0;USD;2041;1354;11303489;ND;www.utan.edu.mx/;4;278;1872;17465
3;Universidad ETAC;Chalco;Mayra Ponce Martinez;ND;525530676850;mponce@universidadetac.edu.mx;La Parcela 3Z-p1/2 Col. San Marcos Huixtoco C.P. 56643 Chalco  Estado de México ;0;0;0;0;ND;0;0;0;7304;7046;258;110;1640;0;0;397;0;USD;2600;1458;10943868;ND;www.etac.edu.mx/;4;197;1518;15351
3;Universidad Privada del Estado de México;ND;ND;ND;525959537813;ND;ND;0;0;0;0;ND;0;0;0;7279;7029;250;65;2118;0;0;851;0;USD;2014;1524;11215696;ND;www.upemex.edu.mx/;4;0;0;0
3;Universidad la Salle  A.C. - Ciudad de México;México D.F.;Enrique A. González Álvarez;ND;525552789500;avga@ulsa.mx;Benjamín Franklin #47  Colonia Hipódromo Condesa  Delegación Cuauhtémoc  06140 Ciudad de México  D.F. ;0;0;0;0;ND;0;0;0;6846;6077;769;426;1442;0;0;916;0;USD;3985;3156;22243477;ND;www.ulsa.edu.mx/;4;129;1155;12882
3;Colegio de Estudios de Posgrado de la Ciudad de México;México D.F.;Jacobo Sosa Hernández;ND;525558683778;rector_institucional@colposgrado.edu.mx;Andador Sur No.4 13  Centro  54700 Cuautitlán Izcalli  ;0;0;0;0;ND;0;0;0;6627;4586;2041;438;933;0;0;277;0;USD;2970;1970;15096190;ND;www.colposgrado.edu.mx/;4;26;195;2657
3;Centro Universitario UTEG;Jalisco;José Roque Albín Huerta;ND;523310788000;joseroque@uteg.edu.mx;Héroes Ferrocarrileros No. 1325  Esq. Washington y Dr. R. Michel  Col. La Aurora  Guadalajara  Jalisco;0;0;0;0;ND;0;0;0;5785;5750;35;20;1662;0;0;453;0;USD;2740;1850;10733400;ND;www.uteg.edu.mx/;4;276;1869;17436
3;Universidad de las Américas Puebla;Puebla;Luis Ernesto Derbez Bautista;ND;522222292112;luisernesto.derbez@udlap.mx;Sta. Catarina Mártir. Cholula  Puebla. C.P. 72810.;0;0;0;0;ND;0;0;0;5782;5361;421;84;1326;0;0;507;0;USD;3105;2585;15165390;ND;www.udlap.mx/;4;19;128;1949
3;Centro Universitario Enrique Díaz de León;Jalisco;Héctor Manuel Robles Ibarría;ND;523338273001;rectoria@unedl.edu.mx;Av. Enrique Díaz de León No.90;0;0;0;0;ND;0;0;0;5684;5427;257;60;1068;0;0;359;0;USD;2860;1802;10514474;ND;unedl.edu.mx/;4;0;0;0
3;Instituto Tecnológico Autónomo de México;México D.F.;Arturo M. Fernández Pérez;ND;525556284000;afernandez@itam.mx;Río Hondo 1. 01080 Del. Álvaro Obregón.;0;0;0;0;ND;0;0;0;5342;4707;635;208;923;0;0;445;0;USD;3140;2720;14796940;ND;www.itam.mx/;4;25;182;2494
3;Universidad del Desarrollo Profesional  S.C.;Tijuana;Omár Ortíz Valenzuéla;ND;527444850393;omarortiz@cdj.unidep.edu.mx;Plaza Benton  Blvd. Gustavo Díaz Ordaz ;0;0;0;0;ND;0;0;0;5219;5047;172;0;1383;0;0;382;0;USD;2847;2050;10836034;ND;unidep.mx/;4;323;2042;18261
3;Instituto de Ciencias Sociales  Económicas y Administrativas  S.C.;ND;ND;ND;525557091221;ND;ND;0;0;0;0;ND;0;0;0;5214;3742;1472;592;1238;0;0;267;0;USD;2358;1780;10131736;ND;ND;4;0;0;0
3;Universidad del Golfo de México Norte;ND;Ana María Ramírez Vázquez;ND;522727241444;rectoria@umg.edu.mx;ND;0;0;0;0;ND;0;0;0;4984;4971;13;2;1909;0;0;344;0;USD;2015;1548;7721303;ND;www.ugm.edu.mx/;5;350;2150;18703
3;Instituto de Ciencias y Estudios Superiores de Tamaulipas  A.C.;ND;Sandra L. Ávila Ramírez;ND;528332156311;campus2k@icest.edu.mx;ND;0;0;0;0;ND;0;0;0;4966;3916;1050;141;1652;0;0;625;0;USD;2550;1630;9060580;ND;www.icest.edu.mx/;5;311;1980;18014
3;Universidad Autónoma del Noreste;ND;Higinio González Calderón;ND;528444384000;higiniogc@uane.edu.mx;ND;0;0;0;0;ND;0;0;0;4915;4185;730;189;1171;0;0;525;0;USD;2484;1598;8500950;ND;www.uane.edu.mx/;5;193;1505;15290
3;Colegio Libre de Estudios Universitarios;ND;José Luis Pérez Ángeles;ND;522222856213;coordinacionproyectos.cleu@hotmail.com;ND;0;0;0;0;ND;0;0;0;4743;4729;14;14;1367;0;0;398;0;USD;2045;1689;8015911;ND;www.cleu.edu.mx/;5;318;2016;18149
3;Universidad Latina  S.C.;ND;Angel Eliseo Cano Garza ;ND;525536400870;angelcanorector@unila.edu.mx;ND;0;0;0;0;ND;0;0;0;4715;4513;202;79;1350;0;0;285;0;USD;1440;1054;5047582;ND;www.unila.edu.mx/;5;206;1556;15677
3;Universidad Regiomontana  A.C.;ND;Ángel Casán Marcos;ND;528182204830;portiz@u-erre.mx;ND;0;0;0;0;ND;0;0;0;4543;3582;961;110;572;0;0;271;0;USD;2354;1536;7764146;ND;www.u-erre.mx/;5;403;2303;19282
3;Universidad la Concordia;ND;Mauricio González López ;ND;524499222900;recepcion@universidadlaconcordia.edu.mx;ND;0;0;0;0;ND;0;0;0;4461;4188;273;101;1065;0;0;522;0;USD;2587;1645;7595511;ND;www.universidadlaconcordia.edu.mx/;5;90;817;9246
3;Universidad de Londres;ND;Oscar Rodríguez Gómez Daza;ND;525552655265;oscar.rodriguez@udelondres.com;ND;0;0;0;0;ND;0;0;0;4453;4193;260;106;1486;0;0;330;0;USD;1090;895;4036135;ND;www.udlondres.com/;5;157;1307;14088
3;Universidad Cuauhtémoc  S.C;ND;Jorge Ramírez Jiménez;ND;523336820550;jorge.ramirez@ucg.edu.mx;ND;0;0;0;0;ND;0;0;0;4381;4359;22;12;1476;0;0;825;0;USD;2358;1896;8316540;ND;www.ucg.edu.mx/;5;264;1832;17259
3;Universidad Iberoamericana Puebla;ND;David Fernández Dávalos  S. J.;ND;522223723000;rectoria@iberopuebla.mx;ND;0;0;0;0;ND;0;0;0;4375;3699;676;203;763;0;0;528;0;USD;2894;2157;9935087;ND;www.iberopuebla.edu.mx/;5;84;783;8772
3;Centro de Enseñanza Técnica y Superior;ND;Fernando León García;ND;526865673700;fernando.leongarcia@cetys.mx;ND;0;0;0;0;ND;0;0;0;4253;2711;1542;196;689;0;0;329;0;USD;2636;1392;7838424;ND;www.cetys.mx/;5;69;546;6035
3;Escuela Normal Superior de Ciudad Madero  A.C.;ND;ND;ND;528332103774;ND;ND;0;0;0;0;ND;0;0;0;4149;247;3902;237;63;0;0;35;0;USD;1564;957;6339107;ND;ND;5;0;0;0
3;Universidad Miguel Alemán;ND;ND;ND;528999252448;ND;ND;0;0;0;0;ND;0;0;0;4015;4015;0;0;1406;0;0;247;0;USD;0;1265;5078975;ND;ND;5;0;0;0
3;Centro Universitario UNE;ND;ND;ND;523380000863;ND;ND;0;0;0;0;ND;0;0;0;3945;3945;0;0;555;0;0;282;0;USD;0;1180;4655100;ND;www.universidad-une.com/;5;0;0;0
3;Universidad IUEM;ND;Mario Luis Pérez Méndez;ND;527222624800;rectoria@universidadiuem.edu.mx;ND;0;0;0;0;ND;0;0;0;3812;3749;63;45;1345;0;0;573;0;USD;1770;1530;5847480;ND;www.universidadiuem.edu.mx;5;0;0;0
3;Universidad Autónoma de Durango;ND;Martín Gerardo Soriano Sariñana;ND;526181295786;infodgo@uad.edu.mx;ND;0;0;0;0;ND;0;0;0;3694;3677;17;17;1117;0;0;562;0;USD;1962;1520;5622394;ND;www.uad.edu.mx/;5;500;2574;20298
3;Universidad América Latina;ND;José Antonio Mendoza Lujambio;ND;523347777100;rectoria@ual.edu.mx;ND;0;0;0;0;ND;0;0;0;3646;3638;8;8;631;0;0;;0;USD;1952;1440;5254336;ND;www.ual.edu.mx/;5;371;2218;18961
3;Instituto Universitario del Centro de México;ND;ND;ND;524777168000;ND;ND;0;0;0;0;ND;0;0;0;3469;3216;253;0;1235;0;0;144;0;USD;1547;780;2899871;ND;sistemaucem.edu.mx/;5;331;2095;18484
3;Universidad Ecatepec;ND;Gloria Rangel Ortega;ND;525557700633;gloria.rangel@uecatepec.edu.mx;ND;0;0;0;0;ND;0;0;0;3407;3048;359;156;311;0;0;224;0;USD;2058;1334;4804854;ND;www.uecatepec.edu.mx/;5;690;3115;22078
3;Centro de Estudios Universitarios Vizcaya de las Américas;ND;ND;ND;528777728298;ND;ND;0;0;0;0;ND;0;0;0;3362;3362;0;0;1819;0;0;279;0;USD;0;843;2834166;ND;www.uva.edu.mx/;5;0;0;0
3;Universidad de Puebla Plantel Puebla;ND;Emilio José Baños;ND;522224095549;rector@upaep.mx ;ND;0;0;0;0;ND;0;0;0;3347;1048;2299;1109;435;0;0;72;0;USD;2354;1564;7050918;ND;www.unipuebla.com.mx/;5;638;2990;21673
3;Universidad Xochicalco;ND;René Eduardo Martínez Zabatdeny;ND;526461743980;rectoria@xochicalco.edu.mx;ND;0;0;0;0;ND;0;0;0;3342;3208;134;73;1014;0;0;734;0;USD;2230;1530;5207060;ND;www.xochicalco.edu.mx/;5;153;1295;14010
3;Universidad Vizcaya de las Américas;ND;Jorge Richardi Rochín;ND;526394723789;informes@uva.edu.mx;ND;0;0;0;0;ND;0;0;0;3289;3289;0;0;1655;0;0;279;0;USD;0;1654;5440006;ND;www.uva.edu.mx/;5;96;874;9889
3;Universidad Cristóbal Colón;ND;José Manuel Asún Jordán ;ND;522299232950;rectoria@ucc.mx;ND;0;0;0;0;ND;0;0;0;3235;2773;462;191;689;0;0;438;0;USD;1865;1254;4338972;ND;www.ver.ucc.mx/;5;102;967;10983
3;Universidad Latinoamericana  S.C.;ND;Eric A. Pearse;ND;525530679700;eric.pearse@ula.edu.mx;ND;0;0;0;0;ND;0;0;0;3197;2886;311;22;715;0;0;464;0;USD;2098;1684;5512502;ND;www.ula.edu.mx/;5;776;3314;22590
3;Universidad del Valle de Puebla;ND;Jaime Illescas López;ND;522222669488;rectoria@uvp.mx;ND;0;0;0;0;ND;0;0;0;3188;3078;110;31;909;0;0;325;0;USD;2005;1670;5360810;ND;www.uvp.mx/;5;250;1758;16871
3;Universidad del Golfo de México  Rectoria Centro;ND;ND;ND;522727266851;ND;ND;0;0;0;0;ND;0;0;0;3077;2887;190;70;927;0;0;310;0;USD;1788;1088;3480776;ND;ugm.mx/;5;350;2150;18703
3;Universidad Latina;ND;ND;ND;527771601020;ND;ND;0;0;0;0;ND;0;0;0;3005;2476;529;201;620;0;0;264;0;USD;1430;2620;7243590;ND;www.unila.edu.mx/;5;206;1556;15677
3;Universidad Vasco de Quiroga;ND;Raúl Martínez Rubio;ND;524431131100;rectoria@uvaq.edu.mx;ND;0;0;0;0;ND;0;0;0;2934;2934;0;0;983;0;0;177;0;USD;0;1808;5304672;ND;www.uvaq.edu.mx/;5;159;1329;14247
3;Universidad Lamar;ND;Ricardo Ramírez Angulo;ND;523336158080;admisiones@lamar.edu.mx;ND;0;0;0;0;ND;0;0;0;2902;2902;0;0;905;0;0;390;0;USD;0;1994;5786588;ND;www.lamar.edu.mx/;5;54;427;4757
3;Universidad Regional del Sureste  A.C.;ND;ND;ND;529515141410;ND;ND;0;0;0;0;ND;0;0;0;2901;2736;165;22;721;0;0;456;0;USD;1879;1187;3557667;ND;www.urse.edu.mx/;5;227;1649;16250
3;Instituto Leonardo Bravo A.C.;ND;ND;ND;525557056554;ND;ND;0;0;0;0;ND;0;0;0;2783;2530;253;54;709;0;0;135;0;USD;1759;1036;3066107;ND;ilb.mx/;5;829;3473;23027
3;Universidad de Oriente;ND;Martha Patricia Agüera Ibáñez;ND;522222111698;martha.aguera@soyuo.mx;ND;0;0;0;0;ND;0;0;0;2757;2653;104;45;1106;0;0;317;0;USD;2547;1987;5536399;ND;www.soylideruo.mx/;5;904;3692;23636
3;Universidad INACE;ND;ND;ND;525555113509;ND;ND;0;0;0;0;ND;0;0;0;2719;2557;162;81;1087;0;0;137;0;USD;1879;1158;3265404;ND;www.inace.edu.mx/;5;0;0;0
3;Instituto Nacional de Estudios Sindicales y de Administración Pública de la FSTSE;ND;ND;ND;525555928559;ND;ND;0;0;0;0;ND;0;0;0;2712;2712;0;0;110;0;0;20;0;USD;0;1118;3032016;ND;ND;5;0;0;0
3;Centro de Estudios Superiores C.T.M.;ND;ND;ND;529999822919;ND;ND;0;0;0;0;ND;0;0;0;2698;2674;24;9;714;0;0;168;0;USD;1620;570;1563060;ND;www.cesctm.edu.mx/;5;627;2959;21577
3;Universidad del Sur;ND;ND;ND;529616911735;ND;ND;0;0;0;0;ND;0;0;0;2688;2413;275;269;1982;0;0;409;0;USD;1254;985;2721655;ND;www.universidaddelsur.edu.mx/;5;324;2045;18272
3;Instituto Tecnológico Latinoamericano;ND;ND;ND;527717181020;ND;ND;0;0;0;0;ND;0;0;0;2670;2107;563;286;706;0;0;121;0;USD;2030;1630;4577300;ND;www.itla.mx/;5;572;2777;20995
3;Sistema de Educación e Investigación Universitaria A.C.;ND;ND;ND;ND;ND;ND;0;0;0;0;ND;0;0;0;2621;2503;118;29;683;0;0;330;0;USD;1876;1358;3620442;ND;ND;5;0;0;0
3;Centro de Estudios Superiores Azteca;ND;ND;ND;525559752161;ND;ND;0;0;0;0;ND;0;0;0;2620;2045;575;67;934;0;0;103;0;USD;1564;998;2940210;ND;www.universidadazteca.edu.mx/;5;748;3253;22443
3;Centro Hidalguense de Estudios Superiores;ND;ND;ND;527717147616;ND;ND;0;0;0;0;ND;0;0;0;2619;2241;378;151;456;0;0;159;0;USD;1687;875;2598561;ND;www.cenhies.edu.mx/;5;0;0;0
3;Universidad Continente Americano;ND;ND;ND;524616126497;ND;ND;0;0;0;0;ND;0;0;0;2603;2353;250;126;806;0;0;483;0;USD;1987;1459;3929777;ND;www.uca.edu.mx/;5;550;2719;20798
3;Universidad Cancaria de México;ND;ND;ND;525939140501;ND;ND;0;0;0;0;ND;0;0;0;2590;2479;111;81;929;0;0;67;0;USD;1987;1354;3577123;ND;www.ubam.edu.mx/;5;670;3062;21909
3;Instituto de Estudios Superiores del Golfo de México;ND;ND;ND;529515490017;ND;ND;0;0;0;0;ND;0;0;0;2588;2588;0;0;801;0;0;182;0;USD;0;1320;3416160;ND;www.iesgm.edu.mx/;5;0;0;0
3;Universidad Tres Culturas;ND;ND;ND;527222131025;ND;ND;0;0;0;0;ND;0;0;0;2567;2567;0;0;1418;0;0;49;0;USD;0;1425;3657975;ND;www.utc.mx/home.html;5;0;0;0
3;Universidad de Negocios ISEC;ND;ND;ND;525550631517;ND;ND;0;0;0;0;ND;0;0;0;2563;2159;404;179;696;0;0;198;0;USD;1254;798;2229498;ND;uneg.edu.mx/;5;0;0;0
3;Instituto del Desierto de Santa Ana;ND;ND;ND;526444123326;ND;ND;0;0;0;0;ND;0;0;0;2542;1040;1502;549;312;0;0;;0;USD;1598;1132;3577476;ND;www.idesa.edu.mx/;5;0;0;0
3;Universidad de América Latina;ND;ND;ND;522222988438;ND;ND;0;0;0;0;ND;0;0;0;2507;2507;0;0;1175;0;0;246;0;USD;0;1140;2857980;ND;www.udal.edu.mx/;5;522;2638;20515
3;Instituto Vocacional Enrique Díaz de León;ND;ND;ND;523338253871;ND;ND;0;0;0;0;ND;0;0;0;2467;2467;0;0;391;0;0;41;0;USD;0;1245;3071415;ND;unedl.edu.mx/;5;0;0;0
3;Universidad Tamaulipeca;ND;ND;ND;528999222203;ND;ND;0;0;0;0;ND;0;0;0;2461;2461;0;0;941;0;0;214;0;USD;0;1500;3691500;ND;www.universidadtamaulipeca.edu.mx/;5;445;2410;19705
3;Universidad de la República Mexicana;ND;ND;ND;525550370100;ND;ND;0;0;0;0;ND;0;0;0;2435;2381;54;23;819;0;0;208;0;USD;1658;1234;3027686;ND;www.unirem.edu.mx/;5;0;0;0
3;Universidad del Desarrollo Profesional;ND;ND;ND;526333383987;ND;ND;0;0;0;0;ND;0;0;0;2309;2297;12;0;661;0;0;149;0;USD;2015;1547;3577639;ND;unidep.mx/;5;323;2042;18261
3;Centro de Estudios Superiores Francisco de Montejo  A.C.;ND;ND;ND;529859861295;ND;ND;0;0;0;0;ND;0;0;0;2303;2303;0;0;925;0;0;155;0;USD;0;1324;3049172;ND;ND;5;0;0;0
3;Centro Cultural Universitario de Ciudad Juárez;ND;ND;ND;526285460880;ND;ND;0;0;0;0;ND;0;0;0;2280;2136;144;133;743;0;0;72;0;USD;1657;1235;2876568;ND;ccu.mx/;5;841;3525;23178
3;Universidad del Desarrollo Profesional S.C.;ND;ND;ND;526373722976;ND;ND;0;0;0;0;ND;0;0;0;2256;2210;46;0;862;0;0;192;0;USD;1985;1371;3121220;ND;unidep.mx/;5;323;2042;18261
3;Universidad del Centro del Bajío;ND;ND;ND;524616117470;ND;ND;0;0;0;0;ND;0;0;0;2235;1528;707;264;336;0;0;39;0;USD;1978;1189;3215238;ND;www.uniceba.edu.mx/;5;541;2689;20710
3;Universidad del Sur Plantel Cancún;ND;ND;ND;529999251750;ND;ND;0;0;0;0;ND;0;0;0;2224;1920;304;144;1920;0;0;300;0;USD;2085;1456;3429360;ND;www.universidaddelsur.edu.mx/;5;324;2045;18272
3;Universidad IEU;ND;ND;ND;527444831252;ND;ND;0;0;0;0;ND;0;0;0;2207;1950;257;164;747;0;0;47;0;USD;1654;954;2285378;ND;ieu.edu.mx/;5;0;0;0
3;Centro de Estudios Universitarios Veracruz;ND;ND;ND;522299323537;ND;ND;0;0;0;0;ND;0;0;0;2175;1941;234;76;430;0;0;209;0;USD;1965;1000;2400810;ND;www.cesuver.edu.mx/;5;805;3388;22794
3;Universidad Justo Sierra;ND;ND;ND;525510848200;ND;ND;0;0;0;0;ND;0;0;0;2175;2072;103;37;427;0;0;376;0;USD;2880;1546;3499952;ND;www.justo-sierra.edu.mx/;5;558;2736;20859
3;Centro de Estudios Universitarios UNIVER;ND;ND;ND;524744032600;ND;ND;0;0;0;0;ND;0;0;0;2172;2172;0;0;775;0;0;327;0;USD;0;1570;3410040;ND;www.univerlagos.edu.mx/;5;560;2747;20895
3;Centro de Estudios Universitarios Monterrey;ND;ND;ND;528182627200;ND;ND;0;0;0;0;ND;0;0;0;2153;2073;80;3;363;0;0;193;0;USD;1875;1490;3238770;ND;www.ceu.edu.mx/;5;178;1420;14824
3;Universidad Metropolitana Latín Campus;ND;ND;ND;523331224222;ND;ND;0;0;0;0;ND;0;0;0;2139;2139;0;0;110;0;0;;0;USD;0;1323;2829897;ND;www.umla.edu.mx/;5;600;2875;21328
3;Universidad de Cuautitlán Izcalli;ND;ND;ND;525550897270;ND;ND;0;0;0;0;ND;0;0;0;2119;1819;300;64;455;0;0;122;0;USD;2345;1907;4172333;ND;www.uci.edu.mx/;5;720;3194;22287
3;Universidad Pablo Guardado Chávez;ND;ND;ND;529616141112;ND;ND;0;0;0;0;ND;0;0;0;2113;1971;142;51;648;0;0;84;0;USD;1897;1372;2973586;ND;www.upgch.edu.mx/;5;435;2387;19627
3;Universidad de Montemorelos;ND;ND;ND;528262630900;ND;ND;0;0;0;0;ND;0;0;0;2097;1617;480;385;447;0;0;233;0;USD;3045;2045;4768365;ND;www.um.edu.mx/;5;65;503;5458
3;Universidad Marista de Merida;ND;ND;ND;529999429700;ND;ND;0;0;0;0;ND;0;0;0;2084;1938;146;63;581;0;0;338;0;USD;1982;1245;2702182;ND;www.marista.edu.mx/;5;145;1239;13579
3;Universidad de los Angeles;ND;ND;ND;522484829880;ND;ND;0;0;0;0;ND;0;0;0;2049;1602;447;152;587;0;0;;0;USD;1568;1056;2392608;ND;www.udeap.mx/;5;0;0;0
3;Centro Universitario de Tijuana;ND;ND;ND;526646879454;ND;ND;0;0;0;0;ND;0;0;0;2030;1583;447;130;391;0;0;256;0;USD;1852;1355;2972809;ND;cut.edu.mx/;5;147;1251;13674
3;Universidad Euro Hispanoamericana;ND;ND;ND;522288435553;ND;ND;0;0;0;0;ND;0;0;0;1996;1736;260;91;660;0;0;154;0;USD;1354;976;2046376;ND;www.ueh.edu.mx/;5;545;2700;20734
3;Universidad Internacional;ND;ND;ND;527773171087;ND;ND;0;0;0;0;ND;0;0;0;1986;1858;128;68;483;0;0;220;0;USD;2381;1658;3385332;ND;www.uninter.edu.mx/;5;144;1237;13556
3;Universidad Interamericana del Norte;ND;ND;ND;528183179490;ND;ND;0;0;0;0;ND;0;0;0;1958;1950;8;0;566;0;0;170;0;USD;1933;1282;2515364;ND;uin.com.mx/;5;420;2345;19472
3;Universidad Modelo;ND;ND;ND;529858560776;ND;ND;0;0;0;0;ND;0;0;0;1945;1919;26;0;651;0;0;271;0;USD;3570;2550;4986270;ND;www.unimodelo.edu.mx/;5;302;1945;17829
3;Universidad del Norte  A.C.;ND;ND;ND;528188517100;ND;ND;0;0;0;0;ND;0;0;0;1858;1628;230;54;273;0;0;114;0;USD;2451;1541;3072478;ND;www.un.edu.mx/;5;317;2007;18115
3;Centro de Estudios Universitarios del Instituto Cristóbal Colon;ND;ND;ND;522222969245;ND;ND;0;0;0;0;ND;0;0;0;1810;1810;0;0;710;0;0;169;0;USD;0;1198;2168380;ND;www.ucristobalcolon.edu.mx/;5;0;0;0
3;Universidad de Estudios Avanzados Tijuana;ND;ND;ND;526649013606;ND;ND;0;0;0;0;ND;0;0;0;1781;1633;148;131;428;0;0;250;0;USD;1768;1329;2431921;ND;www.unea.edu.mx/;5;322;2036;18236
3;Universidad Intercontinental;ND;ND;ND;525554871370;ND;ND;0;0;0;0;ND;0;0;0;1763;1442;321;113;464;0;0;360;0;USD;2920;2187;4090974;ND;www.uic.edu.mx/;5;93;847;9596
3;Universidad de Celaya;ND;ND;ND;524616139009;ND;ND;0;0;0;0;ND;0;0;0;1743;1495;248;105;429;0;0;246;0;USD;1985;1354;2516510;ND;www.udec.edu.mx/;5;130;1156;12886
3;Universidad del Noreste;ND;ND;ND;528332303830;ND;ND;0;0;0;0;ND;0;0;0;1720;1628;92;39;451;0;0;1149;0;USD;1224;993;1729212;ND;www.une.edu.mx/;5;101;963;10942
3;Universidad de Estudios Profesionales de Ciencias y Artes;ND;ND;ND;524777120938;ND;ND;0;0;0;0;ND;0;0;0;1703;1554;149;25;636;0;0;187;0;USD;1278;758;1368354;ND;www.epca.edu.mx/;5;0;0;0
3;Universidad Lucerna;ND;ND;ND;525550900300;ND;ND;0;0;0;0;ND;0;0;0;1679;1604;75;0;566;0;0;83;0;USD;1547;1025;1760125;ND;www.lucerna.edu.mx/;5;386;2258;19107
3;Escuela de Estudios Superiores Calmecac  A.C.;ND;ND;ND;522288161736;ND;ND;0;0;0;0;ND;0;0;0;1660;1660;0;0;628;0;0;33;0;USD;0;895;1485700;ND;www.calmecac.edu.mx/;5;0;0;0
3;Juana de Asbaje;ND;ND;ND;523515120714;ND;ND;0;0;0;0;ND;0;0;0;1647;1641;6;0;394;0;0;93;0;USD;1547;1285;2117967;ND;www.ceja.edu.mx/;5;0;0;0
3;Universidad la Salle  A.C. - Nezahualcoyotl;ND;ND;ND;525522281897;ND;ND;0;0;0;0;ND;0;0;0;1623;1525;98;50;523;0;0;148;0;USD;2874;2054;3414002;ND;ulsaneza.edu.mx/;5;237;1718;16644
3;Instituto Irapuato;ND;ND;ND;524626235969;ND;ND;0;0;0;0;ND;0;0;0;1603;1397;206;75;555;0;0;50;0;USD;1602;1046;1791274;ND;www.uii.edu.mx/;5;115;1053;11930
3;Instituto Mexicano de Psicooncologia;ND;ND;ND;525557527860;ND;ND;0;0;0;0;ND;0;0;0;1599;1098;501;103;345;0;0;;0;USD;1270;865;1586040;ND;www.impo.org.mx/;5;0;0;0
3;Universidad Mesoamericana;ND;Félix Javier Serrano Ursúa;ND;529515141383;info@umes.edu.gt;ND;0;0;0;0;ND;0;0;0;1591;1542;49;33;552;0;0;237;0;USD;1458;818;1332798;ND;www.universidadmesoamericana.edu.mx/;5;408;2315;19332
3;Universidad del Claustro de Sor Juana a.c.;ND;ND;ND;525551303300;ND;ND;0;0;0;0;ND;0;0;0;1588;1540;48;7;442;0;0;225;0;USD;1785;1258;2023000;ND;www.ucsj.edu.mx/;5;138;1191;13141
3;Instituto Tecnológico Superior de Sinaloa  A.C.;ND;ND;ND;526699100119;ND;ND;0;0;0;0;ND;0;0;0;1584;1535;49;0;578;0;0;131;0;USD;1440;1150;1835810;ND;www.itesus.edu.mx/;5;599;2874;21321
3;Instituto Universitario Latinoamericano;ND;ND;ND;527222784727;ND;ND;0;0;0;0;ND;0;0;0;1583;1397;186;74;468;0;0;;0;USD;1894;1050;1819134;ND;iulatam.edu.mx/;5;0;0;0
3;Universidad Quetzalcóatl;ND;ND;ND;524626245025;ND;ND;0;0;0;0;ND;0;0;0;1566;1478;88;15;352;0;0;287;0;USD;2196;1941;3062046;ND;www.uqi.edu.mx/;5;446;2412;19714
3;Universidad Privada del Sur de México;ND;ND;ND;529616156804;ND;ND;0;0;0;0;ND;0;0;0;1557;842;715;193;267;0;0;30;0;USD;1258;850;1615170;ND;www.upsum.edu.mx/;5;0;0;0
3;Universidad del Golfo de México  A.C.;ND;ND;ND;522727241555;ND;ND;0;0;0;0;ND;0;0;0;1537;1500;37;0;439;0;0;159;0;USD;1985;1199;1871945;ND;www.ugm.edu.mx/;5;350;2150;18703
3;Escuela Superior de Comercio Internacional;ND;ND;ND;525555527437;ND;ND;0;0;0;0;ND;0;0;0;1536;1536;0;0;105;0;0;22;0;USD;0;1190;1827840;ND;www.esci.edu.mx/;5;548;2715;20788
3;Universidad Mexicana de Educación a Distancia;ND;ND;ND;527071013423;ND;ND;0;0;0;0;ND;0;0;0;1533;1308;225;0;359;0;0;;0;USD;1857;1250;2052825;ND;www.umed.edu.mx/;5;360;2182;18831
3;Tecnológico de Guadalajara;ND;ND;ND;523338988700;ND;ND;0;0;0;0;ND;0;0;0;1522;1508;14;14;218;0;0;;0;USD;1820;1200;1835080;ND;www.uteg.edu.mx/;5;0;0;0
3;Campus Universitario Siglo XXI  S.C.;ND;ND;ND;527221903481;ND;ND;0;0;0;0;ND;0;0;0;1515;1515;0;0;415;0;0;174;0;USD;0;1185;1795275;ND;www.cusxxi.edu.mx/;5;492;2537;20153
3;Instituto Universitario Puebla;ND;ND;ND;522222375542;ND;ND;0;0;0;0;ND;0;0;0;1497;1211;286;106;372;0;0;73;0;USD;1834;1010;1747634;ND;www.iup.mx/;5;483;2511;20048
3;Instituto Universitario de Estudios México Plantel San Cristóbal;ND;ND;ND;529676315061;ND;ND;0;0;0;0;ND;0;0;0;1496;1496;0;0;799;0;0;;0;USD;0;1725;2580600;ND;www.ideaconceptual.com/udm/campussancris.html;5;0;0;0
3;Universidad de la Vera-Cruz;ND;ND;ND;524928999200;ND;ND;0;0;0;0;ND;0;0;0;1492;1439;53;7;560;0;0;111;0;USD;2185;1330;2029675;ND;uvc.edu.mx/;5;832;3481;23047
3;Universidad de Sotavento  A.C.;ND;ND;ND;522727262524;ND;ND;0;0;0;0;ND;0;0;0;1484;1474;10;10;438;0;0;161;0;USD;1687;1225;1822520;ND;www.us.edu.mx/;5;482;2507;20037
3;Universidad Iberoamericana Torreón;ND;ND;ND;528717051010;ND;ND;0;0;0;0;ND;0;0;0;1477;1187;290;80;217;0;0;269;0;USD;2554;3194;4531938;ND;www.lag.uia.mx/;5;0;0;0
3;Centro de Estudios Superiores de Veracruz;ND;ND;ND;522299318673;ND;ND;0;0;0;0;ND;0;0;0;1466;1263;203;99;335;0;0;32;0;USD;1320;861;1355403;ND;www.cesuver.edu.mx/;5;805;3388;22794
3;Universidad Don Vasco  A.C.;ND;ND;ND;524525242526;ND;ND;0;0;0;0;ND;0;0;0;1453;1453;0;0;424;0;0;196;0;USD;0;1850;2688050;ND;www.udv.edu.mx/;5;341;2125;18588
3;Universidad la Salle  A.C. - Morelia;ND;ND;ND;524433212103;ND;ND;0;0;0;0;ND;0;0;0;1452;1286;166;68;311;0;0;146;0;USD;2978;2486;3691344;ND;www.lasallemorelia.edu.mx/;5;141;1222;13401
3;Universidad de Especialidades;ND;ND;ND;523380000820;ND;ND;0;0;0;0;ND;0;0;0;1451;1451;0;0;312;0;0;132;0;USD;0;1270;1842770;ND;www.universidad-une.com/;5;568;2767;20956
3;Universidad Autónoma de Durango Campus los Mochis;ND;ND;ND;526681084082;ND;ND;0;0;0;0;ND;0;0;0;1449;1342;107;27;499;0;0;217;0;USD;1950;1285;1933120;ND;www.uad.edu.mx/;5;500;2574;20298
3;Universidad Olmeca;ND;ND;ND;529931879700;ND;ND;0;0;0;0;ND;0;0;0;1446;1364;82;52;385;0;0;240;0;USD;2689;1336;2042802;ND;www.olmeca.edu.mx/;5;174;1403;14685
3;Universidad CEUNI;ND;ND;ND;522222371124;ND;ND;0;0;0;0;ND;0;0;0;1443;1436;7;7;649;0;0;48;0;USD;2020;1358;1964228;ND;universidadceuni.mx/;5;752;3258;22454
3;Universidad del Desarrollo Empresarial y Pedagógico;ND;ND;ND;525556888315;ND;ND;0;0;0;0;ND;0;0;0;1442;1399;43;0;566;0;0;169;0;USD;2084;1598;2325214;ND;www.univdep.edu.mx/;5;405;2305;19296
3;Universidad de Ciencias y Administración;ND;ND;ND;525557547706;ND;ND;0;0;0;0;ND;0;0;0;1436;1411;25;22;103;0;0;129;0;USD;1981;1320;1912045;ND;www.ucad.edu.mx/;5;0;0;0
3;Universidad la Salle  A.C. - Victoria;ND;ND;ND;528343146956;ND;ND;0;0;0;0;ND;0;0;0;1398;1281;117;48;349;0;0;280;0;USD;3024;2112;3059280;ND;www.ulsavictoria.edu.mx/;5;0;0;0
3;Universidad Madero;ND;ND;ND;522221415959;ND;ND;0;0;0;0;ND;0;0;0;1394;1242;152;52;264;0;0;181;0;USD;3006;1952;2881296;ND;www.umad.mx/;5;196;1515;15338
3;Centro de Estudios Profesionales del Grijalva;ND;ND;ND;529616041363;ND;ND;0;0;0;0;ND;0;0;0;1372;1298;74;48;670;0;0;74;0;USD;1254;950;1325896;ND;www.ceprog.edu.mx/;5;0;0;0
3;Universidad la Salle  A.C. - Cancún;ND;ND;ND;529988862201;ND;ND;0;0;0;0;ND;0;0;0;1359;1299;60;33;411;0;0;15;0;USD;3090;2254;3113346;ND;lasallecancun.edu.mx/;5;164;1341;14297
3;Universidad Del valle de Cuernavaca;ND;ND;ND;527773124931;ND;ND;0;0;0;0;ND;0;0;0;1355;1343;12;8;443;0;0;111;0;USD;2360;1500;2042820;ND;www.univac.edu.mx/;5;499;2566;20258
3;Centro Universitario Siglo XXI;ND;ND;ND;527222122277;ND;ND;0;0;0;0;ND;0;0;0;1337;1164;173;68;422;0;0;50;0;USD;1505;1050;1482565;ND;www.prepacusxxi.edu.mx/;5;0;0;0
3;Universidad de Estudios Avanzados Mexicali;ND;ND;ND;525568037654;ND;ND;0;0;0;0;ND;0;0;0;1335;1069;266;104;361;0;0;136;0;USD;1857;1354;1941388;ND;www.unea.edu.mx/index.php/campus/mexicali;5;181;1427;14863
3;Universidad Pedro de Gante;ND;ND;ND;528183793130;ND;ND;0;0;0;0;ND;0;0;0;1335;1232;103;86;324;0;0;179;0;USD;1440;1036;1424672;ND;www.upg.mx/;5;0;0;0
3;Universidad Emilio Cárdenas  S.C.;ND;ND;ND;525555658238;ND;ND;0;0;0;0;ND;0;0;0;1334;1075;259;156;418;0;0;;0;USD;1560;1156;1646740;ND;www.udec.com.mx/;5;146;1242;13586
3;IPETH Instituto Profesional en Terapia y Humanidades;ND;ND;ND;522224099777;ND;ND;0;0;0;0;ND;0;0;0;1332;1332;0;0;597;0;0;61;0;USD;0;1176;1566432;ND;www.ipeth.edu.mx/;5;0;0;0
3;Universidad de Xalapa;ND;ND;ND;522288417285;ND;ND;0;0;0;0;ND;0;0;0;1325;1164;161;0;390;0;0;122;0;USD;2390;1564;2205286;ND;www.ux.edu.mx/;5;222;1615;16083
3;Universidad del Desarrollo Profesional Plantel Torreón;ND;ND;ND;528717123054;ND;ND;0;0;0;0;ND;0;0;0;1325;1325;0;0;480;0;0;64;0;USD;0;1884;2496300;ND;unidep.mx/plantel/torreon-independencia/;5;323;2042;18261
3;Centro de Estudios del Mayab;ND;ND;ND;529999235370;ND;ND;0;0;0;0;ND;0;0;0;1321;1321;0;0;694;0;0;40;0;USD;;1050;1387050;ND;ceum.edu.mx/;5;0;0;0
3;Universidad CNCI;ND;ND;ND;526646232372;ND;ND;0;0;0;0;ND;0;0;0;1319;1301;18;11;425;0;0;36;0;USD;1688;1155;1533039;ND;www.cnci.com.mx/;5;337;2111;18546
3;Universidad Potosina;ND;ND;ND;524448183401;ND;ND;0;0;0;0;ND;0;0;0;1316;1316;0;0;429;0;0;56;0;USD;0;864;1137024;ND;www.campusup.edu.mx/univpotosina/;5;0;0;0
3;Universidad Paccioli de Córdoba;ND;ND;ND;522717160770;ND;ND;0;0;0;0;ND;0;0;0;1311;1193;118;5;318;0;0;72;0;USD;1489;927;1281613;ND;www.universidadpaccioli.edu.mx/;5;485;2514;20059
3;Centro Escolar Felipe Carrillo Puerto;ND;ND;ND;529999288545;ND;ND;0;0;0;0;ND;0;0;0;1309;1262;47;20;374;0;0;107;0;USD;1648;975;1307906;ND;cufcp.net/;5;790;3351;22713
3;Universidad del Valle de Toluca  s.c.;ND;ND;ND;527222703280;ND;ND;0;0;0;0;ND;0;0;0;1308;1020;288;159;307;0;0;251;0;USD;2140;1608;2256480;ND;www.uvt.edu.mx/;5;328;2067;18374
3;Universidad Alva Edison;ND;ND;ND;522222323196;ND;ND;0;0;0;0;ND;0;0;0;1302;1259;43;21;311;0;0;46;0;USD;1954;1389;1832773;ND;www.unialvaedison.edu.mx/;5;574;2786;21029
3;Universidad Humanitas;ND;Maria Del Consuelo Toscano Pulido;ND;525555593888;imalta@universidadhumanitas.com;ND;0;0;0;0;ND;0;0;0;1296;1048;248;99;232;0;0;;0;USD;1785;1310;1815560;ND;www.humanitas.edu.mx/;5;586;2832;21183
3;Escuela Normal Justo Sierra;ND;ND;ND;524616122390;ND;ND;0;0;0;0;ND;0;0;0;1293;1209;84;49;410;0;0;185;0;USD;1697;1285;1696113;ND;www.justosierra.edu.mx/;5;627;2959;21577
3;Instituto de Estudios Superiores en Administración Pública y Privada  S.C.;ND;ND;ND;525555843267;ND;ND;0;0;0;0;ND;0;0;0;1287;6;1281;70;2;0;0;31;0;USD;1598;896;2052414;ND;www.iesap.edu.mx/;5;800;3381;22776
3;Centro Universitario Aztlán;ND;ND;ND;527773122719;ND;ND;0;0;0;0;ND;0;0;0;1271;1160;111;43;356;0;0;;0;USD;1170;759;1010310;ND;www.ua.edu.mx/;5;0;0;0
3;Universidad Multitecnica Profesional;ND;ND;ND;523123133938;ND;ND;0;0;0;0;ND;0;0;0;1266;1237;29;0;582;0;0;15;0;USD;1487;998;1277649;ND;www.universidadmultitecnica.edu.mx/;5;0;0;0
3;Escuela Normal Particular Camilo Arriaga;ND;ND;ND;524448154325;ND;ND;0;0;0;0;ND;0;0;0;1263;1263;0;0;405;0;0;41;0;USD;0;896;1131648;ND;ND;5;0;0;0
3;Universidad del Golfo;ND;ND;ND;528332129222;ND;ND;0;0;0;0;ND;0;0;0;1260;1055;205;53;499;0;0;88;0;USD;2270;1248;1781990;ND;www.unigolfo.edu.mx/;5;524;2643;20528
3;Universidad Nuevo Santander;ND;ND;ND;528688190108;ND;ND;0;0;0;0;ND;0;0;0;1260;1260;0;0;600;0;0;72;0;USD;0;1485;1871100;ND;uns.edu.mx/;5;0;0;0
3;Universidad Jean Piaget;ND;ND;ND;522299316363;ND;ND;0;0;0;0;ND;0;0;0;1248;1150;98;0;381;0;0;51;0;USD;2057;1726;2186486;ND;www.universidadjeanpiaget.com/;5;0;0;0
3;Escuela Particular Normal Superior Lic. Benito Juárez;ND;ND;ND;527773185248;ND;ND;0;0;0;0;ND;0;0;0;1244;1244;0;0;376;0;0;81;0;USD;0;1080;1343520;ND;epnsbj.edu.mx/;5;907;3699;23658
3;Universidad Istmo Americana;ND;ND;ND;529212109590;ND;ND;0;0;0;0;ND;0;0;0;1242;1124;118;52;429;0;0;133;0;USD;1759;1334;1706978;ND;www.istmoamericana.com/;5;758;3269;22494
3;Universidad Marista;ND;ND;ND;525550633070;ND;ND;0;0;0;0;ND;0;0;0;1239;1001;238;87;259;0;0;175;0;USD;1104;863;1126615;ND;www.uma.maristas.edu.mx/;5;188;1483;15152
3;Escuela Rudolph Diesel;ND;ND;ND;522222405741;ND;ND;0;0;0;0;ND;0;0;0;1236;1228;8;8;477;0;0;34;0;USD;1398;850;1054984;ND;rudolphdiesel.mx/;5;0;0;0
3;Centro de Estudios Universitarios Ignacio Manuel Altamirano;ND;ND;ND;522299227719;ND;ND;0;0;0;0;ND;0;0;0;1225;1225;0;0;387;0;0;17;0;USD;0;850;1041250;ND;ND;5;0;0;0
3;Universidad la Salle  A.C. - Chihuahua;ND;ND;ND;526144321464;ND;ND;0;0;0;0;ND;0;0;0;1212;1029;183;37;260;0;0;132;0;USD;2985;2085;2691720;ND;ulsachihuahua.edu.mx/;5;248;1753;16840
3;Instituto de Enlaces Educativos;ND;ND;ND;525526152727;ND;ND;0;0;0;0;ND;0;0;0;1203;270;933;328;44;0;0;;0;USD;1564;1098;1755672;ND;www.enlace.edu.mx/;5;0;0;0
3;Universidad Valle del Grijalva ;ND;ND;ND;529931399073;ND;ND;0;0;0;0;ND;0;0;0;1196;1160;36;36;542;0;0;69;0;USD;2250;1725;2082000;ND;www.uvg.edu.mx/;5;247;1747;16792
3;Universidad Mesoamericana de San Agustín;ND;ND;ND;529999238427;ND;ND;0;0;0;0;ND;0;0;0;1194;1112;82;34;292;0;0;92;0;USD;1788;1264;1552184;ND;www.umsa.edu.mx/;5;320;2024;18177
3;Universidad de las Naciones;ND;ND;ND;522299316707;ND;ND;0;0;0;0;ND;0;0;0;1189;482;707;268;115;0;0;;0;USD;2314;1289;2257296;ND;www.uninaciones.com/;5;718;3190;22279
3;Universidad IVES;ND;ND;ND;522288123456;ND;ND;0;0;0;0;ND;0;0;0;1188;902;286;217;283;0;0;118;0;USD;1857;1335;1735272;ND;www.ives.edu.mx/;5;0;0;0
3;Universidad la Salle  A.C. - Noroeste;ND;ND;ND;526444106000;ND;ND;0;0;0;0;ND;0;0;0;1183;1113;70;26;323;0;0;182;0;USD;2894;2184;2633372;ND;www.ulsa-noroeste.edu.mx/;5;241;1727;16679
3;Escuela Libre de Psicología;ND;ND;ND;522222366770;ND;ND;0;0;0;0;ND;0;0;0;1181;1126;55;11;326;0;0;40;0;USD;1800;1032;1261032;ND;www.libredepsicologia.com/;5;652;3018;21752
3;Universidad de la Ciénega;ND;ND;ND;523919212058;ND;ND;0;0;0;0;ND;0;0;0;1181;1181;0;0;296;0;0;149;0;USD;0;1158;1367598;ND;www.ucienega.edu.mx/;5;757;3268;22493
3;Universidad México Americana del Norte;ND;ND;ND;528999222002;ND;ND;0;0;0;0;ND;0;0;0;1178;1178;0;0;434;0;0;242;0;USD;0;1385;1631530;ND;www.uman.edu.mx/homepage.asp;5;267;1841;17313
3;Universidad de las Californias Internacional  S.C.;ND;ND;ND;526646226520;ND;ND;0;0;0;0;ND;0;0;0;1174;1174;0;0;482;0;0;97;0;USD;0;1852;2174248;ND;www.udc.com.mx/;5;127;1144;12797
3;Instituto Pedagógico de Posgrado en Sonora  a. c.;ND;ND;ND;526622605256;ND;ND;0;0;0;0;ND;0;0;0;1161;756;405;64;53;0;0;67;0;USD;1465;917;1286577;ND;www.ippson.com/;5;617;2929;21491
3;Centro de Investigación y Estudios Superiores en Estomatología y Salud  S.C.;ND;ND;ND;522222406330;ND;ND;0;0;0;0;ND;0;0;0;1157;1157;0;0;433;0;0;60;0;USD;0;899;1040143;ND;www.ceses.edu.mx/;5;0;0;0
3;Universidad Fray Luca Paccioli;ND;ND;ND;527773121054;ND;ND;0;0;0;0;ND;0;0;0;1155;1070;85;0;326;0;0;89;0;USD;1895;1246;1494295;ND;www.uflp.edu.mx/;5;321;2025;18183
3;Universidad Americana de Morelos;ND;ND;ND;527773106666;ND;ND;0;0;0;0;ND;0;0;0;1120;1120;0;0;384;0;0;99;0;USD;0;1360;1523200;ND;uam.edu.mx/;5;637;2989;21672
3;Universidad Montrer;ND;ND;ND;527861563369;ND;ND;0;0;0;0;ND;0;0;0;1111;1111;0;0;444;0;0;128;0;USD;0;1470;1633170;ND;unimontrer.edu.mx/;5;0;0;0
3;Instituto de Estudios Superiores del Bajío;ND;ND;ND;524616115742;ND;ND;0;0;0;0;ND;0;0;0;1108;1026;82;58;360;0;0;115;0;USD;1888;1288;1476304;ND;www.unitesba.edu.mx;5;666;3056;21900
3;Universidad Iberoamericana Tijuana;ND;ND;ND;526646301577;ND;ND;0;0;0;0;ND;0;0;0;1106;864;242;26;199;0;0;168;0;USD;2580;1964;2321256;ND;www.tij.uia.mx/;5;14;87;1546
3;UI Universidad Internacional;ND;ND;ND;523338250222;ND;ND;0;0;0;0;ND;0;0;0;1093;1093;0;0;296;0;0;288;0;USD;0;1520;1661360;ND;www.ui.com.mx/;5;799;3379;22773
3;Instituto Universitario de México;ND;ND;ND;529626265229;ND;ND;0;0;0;0;ND;0;0;0;1091;1091;0;0;466;0;0;16;0;USD;0;1245;1358295;ND;iudm.mx/;5;414;2331;19401
3;Universidad Angelopolis;ND;ND;ND;522221301063;ND;ND;0;0;0;0;ND;0;0;0;1091;1073;18;18;401;0;0;113;0;USD;1841;1145;1261723;ND;www.uniangelopolis.edu.mx/;5;0;0;0
3;Universidad del Desarrollo Profesional Plantel Saltillo;ND;ND;ND;528444106300;ND;ND;0;0;0;0;ND;0;0;0;1089;1089;0;0;443;0;0;54;0;USD;0;1560;1698840;ND;unidep.mx/plantel/saltillo/;5;323;2042;18261
3;Universidad Virtual de Estudios Superiores;ND;ND;ND;523336161540;ND;ND;0;0;0;0;ND;0;0;0;1089;9;1080;200;0;0;0;;0;USD;1588;975;1723815;ND;unives.com.mx/;5;0;0;0
3;Instituto Universitario Carl Rogers;ND;ND;ND;522222460665;ND;ND;0;0;0;0;ND;0;0;0;1081;987;94;43;364;0;0;69;0;USD;1312;934;1045186;ND;www.unicarlrogers.com.mx/;5;0;0;0
3;Universidad de la Huasteca Veracruzana;ND;ND;ND;527828231496;ND;ND;0;0;0;0;ND;0;0;0;1071;1037;34;34;455;0;0;41;0;USD;1857;1235;1343833;ND;www.uhv.edu.mx/;5;924;3733;23732
3;Universidad del Valle de Puebla  Plantel Tehuacán;ND;ND;ND;522383848236;ND;ND;0;0;0;0;ND;0;0;0;1067;1060;7;0;351;0;0;150;0;USD;1891;1370;1465437;ND;tehuacan.uvp.mx/;5;250;1758;16871
3;Centro Universitario Tehuacán;ND;ND;ND;522383835460;ND;ND;0;0;0;0;ND;0;0;0;1064;993;71;48;393;0;0;58;0;USD;1497;981;1080420;ND;www.ceut.edu.mx/;5;0;0;0
3;Universidad del Desarrollo Profesional  S. C.;ND;ND;ND;526649695411;ND;ND;0;0;0;0;ND;0;0;0;1061;1036;25;0;291;0;0;72;0;USD;1854;1325;1419050;ND;unidep.mx/;5;323;2042;18261
3;Universidad YMCA;ND;ND;ND;525555310574;ND;ND;0;0;0;0;ND;0;0;0;1052;887;165;36;241;0;0;168;0;USD;2451;1895;2085280;ND;www.uniymca.edu.mx/;5;419;2344;19471
3;Instituto de Estudios Superiores en Arquitectura y Diseño  A.C.;ND;ND;ND;522222363526;ND;ND;0;0;0;0;ND;0;0;0;1048;1048;0;0;355;0;0;91;0;USD;0;1570;1645360;ND;www.iesac.edu.mx/;5;473;2489;19987
3;Universidad Stratford;ND;ND;ND;527353985870;ND;ND;0;0;0;0;ND;0;0;0;1038;1031;7;0;465;0;0;102;0;USD;1412;1003;1043977;ND;www.universidadstratford.edu.mx/;5;0;0;0
3;Universidad Mesoamericana S.C.;ND;ND;ND;529515161233;ND;ND;0;0;0;0;ND;0;0;0;1037;1015;22;11;294;0;0;419;0;USD;1745;1285;1342665;ND;www.universidadmesoamericana.edu.mx/;5;408;2315;19332
3;Instituto de Ciencias Jurídicas de Puebla  A.C.;ND;ND;ND;528005220011;ND;ND;0;0;0;0;ND;0;0;0;1033;1033;0;0;343;0;0;150;0;USD;0;1880;1942040;ND;www.icipuebla.com/;5;295;1927;17732
3;Universidad Metropolitana Xalapa;ND;ND;ND;522288155059;ND;ND;0;0;0;0;ND;0;0;0;1026;1026;0;0;590;0;0;112;0;USD;0;1030;1056780;ND;www.umx.edu.mx/;5;0;0;0
3;Centro de Estudios Superiores del Estado de Aguascalientes;ND;ND;ND;524499941002;ND;ND;0;0;0;0;ND;0;0;0;1019;1019;0;0;1019;0;0;;0;USD;0;1149;1170831;ND;cesea.edu.mx/;5;0;0;0
3;Instituto de Estudios Superiores Sor Juana Inés de la Cruz;ND;ND;ND;529616137926;ND;ND;0;0;0;0;ND;0;0;0;1015;1015;0;0;417;0;0;73;0;USD;0;1350;1370250;ND;ND;5;0;0;0
3;Colegio Mexiquense Universitario;ND;ND;ND;527222171755;ND;ND;0;0;0;0;ND;0;0;0;1008;953;55;29;350;0;0;125;0;USD;1578;1170;1201800;ND;www.grupocolegiomexiquense.edu.mx/;5;32;252;3181
3;Universidad Latina de América;ND;ND;ND;524433221500;ND;ND;0;0;0;0;ND;0;0;0;1008;924;84;44;56;0;0;200;0;USD;1460;950;1000440;ND;www.unla.mx/;5;271;1856;17377
3;Centro Universitario Hidalguense A.C.;ND;ND;ND;527717181830;ND;ND;0;0;0;0;ND;0;0;0;1005;1005;0;0;187;0;0;144;0;USD;0;1079;1084395;ND;www.cuh.edu.mx/;5;650;3014;21743
3;Universidad de la Sierra  A.C.;ND;ND;ND;527767620071;ND;ND;0;0;0;0;ND;0;0;0;1005;891;114;56;265;0;0;87;0;USD;1430;1608;1595748;ND;www.usac.edu.mx/;5;202;1543;15577
3;Universidad de Morelia;ND;ND;ND;524433177771;ND;ND;0;0;0;0;ND;0;0;0;1001;877;124;88;318;0;0;117;0;USD;2000;1540;1598580;ND;www.udemorelia.edu.mx/;5;279;1874;17475